time,is_night,tree_spawn_rate,tree_health,food_spawn_rate,food_health,plant_growth_rate,dude_speed,dude_max_hunger,dude_lifespan,wraith_speed,quarry_health,building_max_health,tree_population,dude_population,food_population,plant_population,building_population
1680,False,4,50,10,20,15,100,5000,10000,80,80,5000,3,2,0,1,0
2680,False,4,50,10,20,15,100,5000,10000,80,80,5000,3,2,0,1,0
2950,False,4,50,10,20,15,100,5000,10000,80,80,5000,3,2,0,1,0
3050,False,4,50,10,20,15,100,5000,10000,80,80,5000,3,2,0,1,0
3150,False,4,50,10,20,15,100,5000,10000,80,80,5000,3,2,0,1,0
3250,False,4,50,10,20,15,100,5000,10000,80,80,5000,3,2,0,1,0
3400,False,4,50,10,20,15,100,5000,10000,80,80,5000,3,2,0,1,0
3450,False,4,50,10,20,15,100,5000,10000,80,80,5000,3,2,0,1,0
3500,False,4,50,10,20,15,100,5000,10000,80,80,5000,3,2,0,1,0
3650,False,4,50,10,20,15,100,5000,10000,80,80,5000,2,2,0,1,0
3800,False,4,50,10,20,15,100,5000,10000,80,80,5000,2,2,0,1,0
3900,False,4,50,10,20,15,100,5000,10000,80,80,5000,2,2,0,1,0
4000,False,4,50,10,20,15,100,5000,10000,80,80,5000,2,2,0,1,0
4050,False,4,50,10,20,15,100,5000,10000,80,80,5000,2,2,0,1,0
4150,False,4,50,10,20,15,100,5000,10000,80,80,5000,2,2,0,1,0
4250,False,4,50,10,20,15,100,5000,10000,80,80,5000,2,2,0,1,0
4400,False,4,50,10,20,15,100,5000,10000,80,80,5000,4,2,0,1,0
4550,False,4,50,10,20,15,100,5000,10000,80,80,5000,4,2,0,1,0
4950,False,4,50,10,20,15,100,5000,10000,80,80,5000,4,2,0,1,0
5000,False,4,50,10,20,15,100,5000,10000,80,80,5000,4,2,0,1,0
5150,False,4,50,10,20,15,100,5000,10000,80,80,5000,4,2,0,1,0
5350,False,4,50,10,20,15,100,5000,10000,80,80,5000,4,2,0,1,0
5400,False,4,50,10,20,15,100,5000,10000,80,80,5000,4,2,0,1,0
5500,False,4,50,10,20,15,100,5000,10000,80,80,5000,4,2,0,1,0
5800,False,4,50,10,20,15,100,5000,10000,80,80,5000,4,2,0,1,0
5850,False,4,50,10,20,15,100,5000,10000,80,80,5000,4,2,0,1,0
5950,False,4,50,10,20,15,100,5000,10000,80,80,5000,3,2,0,1,0
6000,False,4,50,10,20,15,100,5000,10000,80,80,5000,3,2,0,1,0
6050,False,4,50,10,20,15,100,5000,10000,80,80,5000,3,2,0,1,0
6150,False,4,50,10,20,15,100,5000,10000,80,80,5000,3,2,0,1,0
6250,False,4,50,10,20,15,100,5000,10000,80,80,5000,3,2,0,1,0
6350,False,4,50,10,20,15,100,5000,10000,80,80,5000,3,2,0,1,0
6450,False,4,50,10,20,15,100,5000,10000,80,80,5000,3,2,0,1,0
6550,False,4,50,10,20,15,100,5000,10000,80,80,5000,3,2,0,1,0
6700,False,4,50,10,20,15,100,5000,10000,80,80,5000,3,2,0,1,0
6950,False,4,50,10,20,15,100,5000,10000,80,80,5000,3,2,0,1,0
7200,False,4,50,10,20,15,100,5000,10000,80,80,5000,3,2,0,1,0
7300,False,4,50,10,20,15,100,5000,10000,80,80,5000,3,2,0,1,0
7450,False,4,50,10,20,15,100,5000,10000,80,80,5000,3,2,0,1,0
8400,False,4,50,10,20,15,100,5000,10000,80,80,5000,6,2,0,1,0
8450,False,4,50,10,20,15,100,5000,10000,80,80,5000,6,2,0,1,0
8700,False,4,50,10,20,15,100,5000,10000,80,80,5000,6,2,0,1,0
8900,False,4,50,10,20,15,100,5000,10000,80,80,5000,5,2,0,1,0
9200,False,4,50,10,20,15,100,5000,10000,80,80,5000,5,2,0,1,0
9450,False,4,50,10,20,15,100,5000,10000,80,80,5000,5,2,0,1,0
9750,False,4,50,10,20,15,100,5000,10000,80,80,5000,5,2,0,1,0
10200,False,4,50,10,20,15,100,5000,10000,80,80,5000,5,2,0,1,0
10450,False,4,50,10,20,15,100,5000,10000,80,80,5000,5,2,0,1,0
11150,False,4,50,10,20,15,100,5000,10000,80,80,5000,5,2,0,1,0
11350,False,4,50,10,20,15,100,5000,10000,80,80,5000,5,2,0,1,0
11500,False,4,50,10,20,15,100,5000,10000,80,80,5000,5,2,0,1,0
11650,False,4,50,10,20,15,100,5000,10000,80,80,5000,5,2,0,1,0
13550,False,4,50,10,20,15,100,5000,10000,80,80,5000,8,2,0,1,0
13870,False,4,50,10,20,15,100,5000,10000,80,80,5000,8,2,0,1,0
13950,False,4,50,10,20,15,100,5000,10000,80,80,5000,8,2,0,1,0
14350,False,4,50,10,20,15,100,5000,10000,80,80,5000,8,2,0,1,0
14500,False,4,50,10,20,15,100,5000,10000,80,80,5000,8,2,0,1,0
15750,False,4,50,10,20,15,100,5000,10000,80,80,5000,8,2,0,1,0
16750,False,4,50,10,20,15,100,5000,10000,80,80,5000,8,2,1,0,0
18350,False,4,50,10,20,15,100,5000,10000,80,80,5000,9,2,1,0,0
19050,False,4,50,10,20,15,100,5000,10000,80,80,5000,8,2,1,0,0
22950,False,4,50,10,20,15,100,5000,10000,80,80,5000,13,2,1,0,0
23050,False,4,50,10,20,15,100,5000,10000,80,80,5000,13,2,1,0,0
23100,False,4,50,10,20,15,100,5000,10000,80,80,5000,13,2,1,0,0
23300,False,4,50,10,20,15,100,5000,10000,80,80,5000,13,2,1,0,0
23500,False,4,50,10,20,15,100,5000,10000,80,80,5000,13,2,1,0,0
23750,False,4,50,10,20,15,100,5000,10000,80,80,5000,13,2,1,0,0
23950,False,4,50,10,20,15,100,5000,10000,80,80,5000,13,2,1,0,0
24050,False,4,50,10,20,15,100,5000,10000,80,80,5000,13,2,1,0,0
24100,False,4,50,10,20,15,100,5000,10000,80,80,5000,13,2,1,0,0
24150,False,4,50,10,20,15,100,5000,10000,80,80,5000,13,2,1,0,0
24250,False,4,50,10,20,15,100,5000,10000,80,80,5000,13,2,1,0,0
24300,False,4,50,10,20,15,100,5000,10000,80,80,5000,13,2,1,0,0
24350,False,4,50,10,20,15,100,5000,10000,80,80,5000,13,2,1,0,0
24500,False,4,50,10,20,15,100,5000,10000,80,80,5000,12,2,1,0,0
25550,False,4,50,10,20,15,100,5000,10000,80,80,5000,17,2,1,0,0
25750,False,4,50,10,20,15,100,5000,10000,80,80,5000,17,2,1,0,0
25850,False,4,50,10,20,15,100,5000,10000,80,80,5000,17,2,1,1,0
25950,False,4,50,10,20,15,100,5000,10000,80,80,5000,17,2,1,1,0
26000,False,4,50,10,20,15,100,5000,10000,80,80,5000,17,2,1,1,0
26150,False,4,50,10,20,15,100,5000,10000,80,80,5000,17,2,1,1,0
26200,False,4,50,10,20,15,100,5000,10000,80,80,5000,17,2,1,1,0
26350,False,4,50,10,20,15,100,5000,10000,80,80,5000,17,2,1,1,0
26400,False,4,50,10,20,15,100,5000,10000,80,80,5000,17,2,1,1,0
26600,False,4,50,10,20,15,100,5000,10000,80,80,5000,17,2,1,1,0
26650,False,4,50,10,20,15,100,5000,10000,80,80,5000,17,2,1,1,0
26800,False,4,50,10,20,15,100,5000,10000,80,80,5000,17,2,1,1,0
26900,False,4,50,10,20,15,100,5000,10000,80,80,5000,17,2,1,1,0
26950,False,4,50,10,20,15,100,5000,10000,80,80,5000,17,2,1,1,0
27050,False,4,50,10,20,15,100,5000,10000,80,80,5000,17,2,1,1,0
27100,False,4,50,10,20,15,100,5000,10000,80,80,5000,17,2,1,1,0
27150,False,4,50,10,20,15,100,5000,10000,80,80,5000,17,2,1,1,0
27350,False,4,50,10,20,15,100,5000,10000,80,80,5000,17,2,1,1,0
27400,False,4,50,10,20,15,100,5000,10000,80,80,5000,17,2,1,1,0
27900,False,4,50,10,20,15,100,5000,10000,80,80,5000,17,2,1,1,0
28020,False,4,50,10,20,15,100,5000,10000,80,80,5000,17,2,1,1,0
28170,False,4,50,10,20,15,100,5000,10000,80,80,5000,17,2,1,1,0
28320,False,4,50,10,20,15,100,5000,10000,80,80,5000,17,2,1,1,0
28370,False,4,50,10,20,15,100,5000,10000,80,80,5000,17,2,1,1,0
28420,False,4,50,10,20,15,100,5000,10000,80,80,5000,17,2,1,1,0
28570,False,4,50,10,20,15,100,5000,10000,80,80,5000,17,2,1,1,0
28620,False,4,50,10,20,15,100,5000,10000,80,80,5000,17,2,1,1,0
28670,False,4,50,10,20,15,100,5000,10000,80,80,5000,17,2,1,1,0
28720,False,4,50,10,20,15,100,5000,10000,80,80,5000,17,2,1,1,0
28770,False,4,50,10,20,15,100,5000,10000,80,80,5000,17,2,1,1,0
28820,False,4,50,10,20,15,100,5000,10000,80,80,5000,20,2,1,1,0
29020,False,4,50,10,20,15,100,5000,10000,80,80,5000,23,2,1,1,0
29070,False,4,50,10,20,15,100,5000,10000,80,80,5000,23,2,1,1,0
29120,False,4,50,10,20,15,100,5000,10000,80,80,5000,23,2,1,1,0
29170,False,4,50,10,20,15,100,5000,10000,80,80,5000,23,2,1,1,0
29220,False,4,50,10,20,15,100,5000,10000,80,80,5000,23,2,1,1,0
29270,False,4,50,10,20,15,100,5000,10000,80,80,5000,23,2,1,1,1
29420,False,4,50,10,20,15,100,5000,10000,80,80,5000,23,2,1,1,1
29470,False,4,50,10,20,15,100,5000,10000,80,80,5000,23,2,1,1,1
29520,False,4,50,10,20,15,100,5000,10000,80,80,5000,23,2,1,1,1
29570,False,4,50,10,20,15,100,5000,10000,80,80,5000,23,2,1,1,1
29670,False,4,50,10,20,15,100,5000,10000,80,80,5000,23,2,1,1,1
29820,False,4,50,10,20,15,100,5000,10000,80,80,5000,23,2,1,1,1
29870,False,4,50,10,20,15,100,5000,10000,80,80,5000,23,2,1,1,1
29920,False,4,50,10,20,15,100,5000,10000,80,80,5000,23,2,1,1,1
29970,False,4,50,10,20,15,100,5000,10000,80,80,5000,23,2,1,1,1
30020,False,4,50,10,20,15,100,5000,10000,80,80,5000,23,2,1,1,1
30220,False,4,50,10,20,15,100,5000,10000,80,80,5000,23,2,1,1,1
30320,False,4,50,10,20,15,100,5000,10000,80,80,5000,23,2,1,1,1
30370,False,4,50,10,20,15,100,5000,10000,80,80,5000,23,2,1,1,1
30470,False,4,50,10,20,15,100,5000,10000,80,80,5000,23,2,1,1,1
30520,False,4,50,10,20,15,100,5000,10000,80,80,5000,23,2,1,1,1
30570,False,4,50,10,20,15,100,5000,10000,80,80,5000,23,2,1,1,1
30620,False,4,50,10,20,15,100,5000,10000,80,80,5000,23,2,1,1,1
30770,False,4,50,10,20,15,100,5000,10000,80,80,5000,23,2,1,1,1
30820,False,4,50,10,20,15,100,5000,10000,80,80,5000,23,2,1,1,1
30870,False,4,50,10,20,15,100,5000,10000,80,80,5000,23,2,1,1,1
30970,False,4,50,10,20,15,100,5000,10000,80,80,5000,23,2,1,1,1
31020,False,4,50,10,20,15,100,5000,10000,80,80,5000,23,2,1,1,1
31070,False,4,50,10,20,15,100,5000,10000,80,80,5000,23,2,1,1,1
31220,False,4,50,10,20,15,100,5000,10000,80,80,5000,23,2,1,1,1
31270,False,4,50,10,20,15,100,5000,10000,80,80,5000,23,2,1,1,1
31320,False,4,50,10,20,15,100,5000,10000,80,80,5000,23,2,1,1,1
31420,False,4,50,10,20,15,100,5000,10000,80,80,5000,23,2,1,1,1
31520,False,4,50,10,20,15,100,5000,10000,80,80,5000,23,2,1,1,1
31670,False,4,50,10,20,15,100,5000,10000,80,80,5000,23,2,1,1,1
31720,False,4,50,10,20,15,100,5000,10000,80,80,5000,22,2,1,1,1
31870,False,4,50,10,20,15,100,5000,10000,80,80,5000,22,2,1,1,1
31920,False,4,50,10,20,15,100,5000,10000,80,80,5000,22,2,1,1,1
31970,False,4,50,10,20,15,100,5000,10000,80,80,5000,22,2,1,1,1
32070,False,4,50,10,20,15,100,5000,10000,80,80,5000,22,2,1,1,1
32620,False,4,50,10,20,15,100,5000,10000,80,80,5000,22,2,1,1,1
32670,False,4,50,10,20,15,100,5000,10000,80,80,5000,22,2,1,1,1
32720,False,4,50,10,20,15,100,5000,10000,80,80,5000,22,2,1,1,1
32770,False,4,50,10,20,15,100,5000,10000,80,80,5000,22,2,1,1,1
32820,False,4,50,10,20,15,100,5000,10000,80,80,5000,25,2,1,1,1
32870,False,4,50,10,20,15,100,5000,10000,80,80,5000,25,2,1,1,1
32990,False,4,50,10,20,15,100,5000,10000,80,80,5000,29,2,1,1,1
38430,False,4,50,10,20,15,100,5000,10000,80,80,5000,38,2,1,2,1
39530,False,4,50,10,20,15,100,5000,10000,80,80,5000,38,2,1,2,1
39630,False,4,50,10,20,15,100,5000,10000,80,80,5000,38,2,1,2,1
40030,False,4,50,10,20,15,100,5000,10000,80,80,5000,38,2,1,2,1
40330,False,4,50,10,20,15,100,5000,10000,80,80,5000,38,2,1,2,1
40530,False,4,50,10,20,15,100,5000,10000,80,80,5000,38,2,1,2,1
40780,False,4,50,10,20,15,100,5000,10000,80,80,5000,38,2,1,2,1
41580,False,4,50,10,20,15,100,5000,10000,80,80,5000,49,2,2,1,1
42630,False,4,50,10,20,15,100,5000,10000,80,80,5000,49,2,2,1,1
42780,False,4,50,10,20,15,100,5000,10000,80,80,5000,49,2,2,1,1
43020,False,4,50,10,20,15,100,5000,10000,80,80,5000,49,2,1,1,1
43071,False,4,50,10,20,15,100,5000,10000,80,80,5000,49,2,1,1,1
46420,False,4,50,10,20,15,100,5000,10000,80,80,5000,56,2,1,2,2
46490,False,4,50,10,20,15,100,5000,10000,80,80,5000,56,2,1,2,2
46520,False,4,50,10,20,15,100,5000,10000,80,80,5000,56,2,0,2,2
46770,False,4,50,10,20,15,100,5000,10000,80,80,5000,56,2,0,2,2
47170,False,4,50,10,20,15,100,5000,10000,80,80,5000,56,2,0,2,2
47670,False,4,50,10,20,15,100,5000,10000,80,80,5000,56,2,0,2,2
48050,False,4,50,10,20,15,100,5000,10000,80,80,5000,56,2,0,2,2
48150,False,4,50,10,20,15,100,5000,10000,80,80,5000,56,2,0,2,2
48200,False,4,50,10,20,15,100,5000,10000,80,80,5000,56,2,0,2,2
48300,False,4,50,10,20,15,100,5000,10000,80,80,5000,56,2,0,2,2
48350,False,4,50,10,20,15,100,5000,10000,80,80,5000,56,2,0,2,2
48500,False,4,50,10,20,15,100,5000,10000,80,80,5000,56,2,0,2,2
48550,False,4,50,10,20,15,100,5000,10000,80,80,5000,56,2,0,2,2
48600,False,4,50,10,20,15,100,5000,10000,80,80,5000,56,2,0,2,2
49000,False,4,50,10,20,15,100,5000,10000,80,80,5000,67,2,0,2,2
49050,False,4,50,10,20,15,100,5000,10000,80,80,5000,67,2,0,2,2
49150,False,4,50,10,20,15,100,5000,10000,80,80,5000,67,2,0,2,2
49300,False,4,50,10,20,15,100,5000,10000,80,80,5000,67,3,0,2,2
49350,False,4,50,10,20,15,100,5000,10000,80,80,5000,67,3,0,2,2
49550,False,4,50,10,20,15,100,5000,10000,80,80,5000,67,3,0,2,2
49900,False,4,50,10,20,15,100,5000,10000,80,80,5000,67,3,0,2,2
50100,False,4,50,10,20,15,100,5000,10000,80,80,5000,67,3,0,2,2
50200,False,4,50,10,20,15,100,5000,10000,80,80,5000,67,3,0,2,2
50300,False,4,50,10,20,15,100,5000,10000,80,80,5000,67,3,0,2,2
50400,False,4,50,10,20,15,100,5000,10000,80,80,5000,67,3,0,2,2
50650,False,4,50,10,20,15,100,5000,10000,80,80,5000,67,3,0,2,2
50700,False,4,50,10,20,15,100,5000,10000,80,80,5000,67,3,0,2,2
50800,False,4,50,10,20,15,100,5000,10000,80,80,5000,67,3,0,2,2
50850,False,4,50,10,20,15,100,5000,10000,80,80,5000,67,3,1,1,2
50900,False,4,50,10,20,15,100,5000,10000,80,80,5000,67,3,1,1,2
50950,False,4,50,10,20,15,100,5000,10000,80,80,5000,67,3,1,1,2
51000,False,4,50,10,20,15,100,5000,10000,80,80,5000,67,3,1,1,2
51100,False,4,50,10,20,15,100,5000,10000,80,80,5000,67,3,1,1,2
51150,False,4,50,10,20,15,100,5000,10000,80,80,5000,67,3,1,1,2
51200,False,4,50,10,20,15,100,5000,10000,80,80,5000,67,3,1,1,2
51300,False,4,50,10,20,15,100,5000,10000,80,80,5000,67,3,1,1,2
51450,False,4,50,10,20,15,100,5000,10000,80,80,5000,67,3,1,1,2
51700,False,4,50,10,20,15,100,5000,10000,80,80,5000,67,3,1,1,2
51950,False,4,50,10,20,15,100,5000,10000,80,80,5000,67,3,1,1,2
52100,False,4,50,10,20,15,100,5000,10000,80,80,5000,67,3,1,1,2
52200,False,4,50,10,20,15,100,5000,10000,80,80,5000,67,3,1,1,2
52450,False,4,50,10,20,15,100,5000,10000,80,80,5000,66,3,1,1,2
52650,False,4,50,10,20,15,100,5000,10000,80,80,5000,66,3,1,1,2
52750,False,4,50,10,20,15,100,5000,10000,80,80,5000,66,3,1,1,2
52800,False,4,50,10,20,15,100,5000,10000,80,80,5000,66,3,1,1,2
52900,False,4,50,10,20,15,100,5000,10000,80,80,5000,73,3,1,1,2
52950,False,4,50,10,20,15,100,5000,10000,80,80,5000,80,3,1,1,2
53100,False,4,50,10,20,15,100,5000,10000,80,80,5000,81,3,1,1,2
53200,False,4,50,10,20,15,100,5000,10000,80,80,5000,81,3,1,1,2
53300,False,4,50,10,20,15,100,5000,10000,80,80,5000,80,3,1,1,2
53400,False,4,50,10,20,15,100,5000,10000,80,80,5000,80,3,1,1,2
53450,False,4,50,10,20,15,100,5000,10000,80,80,5000,80,3,1,1,2
53500,False,4,50,10,20,15,100,5000,10000,80,80,5000,80,3,1,1,2
53600,False,4,50,10,20,15,100,5000,10000,80,80,5000,80,3,1,1,2
53650,False,4,50,10,20,15,100,5000,10000,80,80,5000,80,3,1,1,2
53700,False,4,50,10,20,15,100,5000,10000,80,80,5000,80,3,1,1,2
53750,False,4,50,10,20,15,100,5000,10000,80,80,5000,80,3,1,1,2
53950,False,4,50,10,20,15,100,5000,10000,80,80,5000,80,3,1,1,2
54000,False,4,50,10,20,15,100,5000,10000,80,80,5000,80,3,1,1,2
54050,False,4,50,10,20,15,100,5000,10000,80,80,5000,80,3,1,1,2
54200,False,4,50,10,20,15,100,5000,10000,80,80,5000,79,3,1,1,2
54350,False,4,50,10,20,15,100,5000,10000,80,80,5000,79,3,1,1,2
54450,False,4,50,10,20,15,100,5000,10000,80,80,5000,79,3,1,1,2
54500,False,4,50,10,20,15,100,5000,10000,80,80,5000,79,3,1,1,2
54600,False,4,50,10,20,15,100,5000,10000,80,80,5000,79,3,1,1,2
54650,False,4,50,10,20,15,100,5000,10000,80,80,5000,79,3,1,1,2
54700,False,4,50,10,20,15,100,5000,10000,80,80,5000,79,3,1,1,2
54800,False,4,50,10,20,15,100,5000,10000,80,80,5000,79,3,1,1,2
54850,False,4,50,10,20,15,100,5000,10000,80,80,5000,79,3,1,1,2
54900,False,4,50,10,20,15,100,5000,10000,80,80,5000,79,3,1,1,2
54950,False,4,50,10,20,15,100,5000,10000,80,80,5000,79,3,1,1,2
55050,False,4,50,10,20,15,100,5000,10000,80,80,5000,79,3,1,1,2
55200,False,4,50,10,20,15,100,5000,10000,80,80,5000,78,3,1,1,2
55350,False,4,50,10,20,15,100,5000,10000,80,80,5000,78,3,1,1,2
55400,False,4,50,10,20,15,100,5000,10000,80,80,5000,78,3,1,1,2
55700,False,4,50,10,20,15,100,5000,10000,80,80,5000,78,3,1,1,2
55750,False,4,50,10,20,15,100,5000,10000,80,80,5000,78,3,1,1,2
55950,False,4,50,10,20,15,100,5000,10000,80,80,5000,78,3,1,1,2
56100,False,4,50,10,20,15,100,5000,10000,80,80,5000,78,3,1,1,2
56200,False,4,50,10,20,15,100,5000,10000,80,80,5000,78,3,1,1,2
56250,False,4,50,10,20,15,100,5000,10000,80,80,5000,78,3,1,1,2
56300,False,4,50,10,20,15,100,5000,10000,80,80,5000,77,3,1,1,2
56400,False,4,50,10,20,15,100,5000,10000,80,80,5000,77,3,1,1,2
56500,False,4,50,10,20,15,100,5000,10000,80,80,5000,77,3,1,1,2
56600,False,4,50,10,20,15,100,5000,10000,80,80,5000,77,3,1,1,2
56800,False,4,50,10,20,15,100,5000,10000,80,80,5000,77,3,1,1,2
56950,False,4,50,10,20,15,100,5000,10000,80,80,5000,89,3,1,1,2
57300,False,4,50,10,20,15,100,5000,10000,80,80,5000,91,3,1,1,2
57350,False,4,50,10,20,15,100,5000,10000,80,80,5000,91,3,1,1,2
57450,False,4,50,10,20,15,100,5000,10000,80,80,5000,91,3,1,1,2
57550,False,4,50,10,20,15,100,5000,10000,80,80,5000,91,3,1,1,2
57800,False,4,50,10,20,15,100,5000,10000,80,80,5000,91,3,1,1,2
58070,False,4,50,10,20,15,100,5000,10000,80,80,5000,91,3,1,1,2
58120,False,4,50,10,20,15,100,5000,10000,80,80,5000,91,3,1,1,2
58170,False,4,50,10,20,15,100,5000,10000,80,80,5000,91,3,1,1,2
58270,False,4,50,10,20,15,100,5000,10000,80,80,5000,91,3,1,1,2
58320,False,4,50,10,20,15,100,5000,10000,80,80,5000,91,3,1,1,2
58370,False,4,50,10,20,15,100,5000,10000,80,80,5000,91,3,1,1,2
58520,False,4,50,10,20,15,100,5000,10000,80,80,5000,91,3,1,1,2
58620,False,4,50,10,20,15,100,5000,10000,80,80,5000,91,3,1,1,2
58720,False,4,50,10,20,15,100,5000,10000,80,80,5000,91,3,1,1,2
59070,False,4,50,10,20,15,100,5000,10000,80,80,5000,91,3,1,1,2
59120,False,4,50,10,20,15,100,5000,10000,80,80,5000,91,3,1,1,2
59170,False,4,50,10,20,15,100,5000,10000,80,80,5000,91,3,1,1,2
59220,False,4,50,10,20,15,100,5000,10000,80,80,5000,91,3,1,1,2
59270,False,4,50,10,20,15,100,5000,10000,80,80,5000,91,3,1,1,2
59320,False,4,50,10,20,15,100,5000,10000,80,80,5000,91,3,1,1,2
59370,False,4,50,10,20,15,100,5000,10000,80,80,5000,91,3,1,1,2
59520,False,4,50,10,20,15,100,5000,10000,80,80,5000,91,4,1,1,2
59670,False,4,50,10,20,15,100,5000,10000,80,80,5000,91,4,1,1,2
59720,False,4,50,10,20,15,100,5000,10000,80,80,5000,91,4,1,1,3
59770,False,4,50,10,20,15,100,5000,10000,80,80,5000,91,4,1,1,3
59920,False,4,50,10,20,15,100,5000,10000,80,80,5000,91,4,1,1,3
59970,False,4,50,10,20,15,100,5000,10000,80,80,5000,91,4,1,1,3
60020,False,4,50,10,20,15,100,5000,10000,80,80,5000,91,4,1,1,3
60120,False,4,50,10,20,15,100,5000,10000,80,80,5000,91,4,1,1,3
60170,False,4,50,10,20,15,100,5000,10000,80,80,5000,91,4,1,1,3
60220,False,4,50,10,20,15,100,5000,10000,80,80,5000,91,4,1,1,3
60320,False,4,50,10,20,15,100,5000,10000,80,80,5000,91,4,1,1,3
60370,False,4,50,10,20,15,100,5000,10000,80,80,5000,91,4,1,1,3
60420,False,4,50,10,20,15,100,5000,10000,80,80,5000,91,4,1,1,3
60520,False,4,50,10,20,15,100,5000,10000,80,80,5000,91,4,1,1,3
60620,False,4,50,10,20,15,100,5000,10000,80,80,5000,91,4,1,1,3
60670,False,4,50,10,20,15,100,5000,10000,80,80,5000,91,4,1,1,3
60770,False,4,50,10,20,15,100,5000,10000,80,80,5000,91,4,1,1,3
60870,False,4,50,10,20,15,100,5000,10000,80,80,5000,101,4,2,1,3
60920,False,4,50,10,20,15,100,5000,10000,80,80,5000,101,4,2,1,3
60970,False,4,50,10,20,15,100,5000,10000,80,80,5000,108,4,2,1,3
61020,False,4,50,10,20,15,100,5000,10000,80,80,5000,108,4,2,1,3
61070,False,4,50,10,20,15,100,5000,10000,80,80,5000,108,4,2,1,3
61120,False,4,50,10,20,15,100,5000,10000,80,80,5000,108,4,2,1,3
61220,False,4,50,10,20,15,100,5000,10000,80,80,5000,108,4,2,1,3
61270,False,4,50,10,20,15,100,5000,10000,80,80,5000,108,4,2,1,3
61320,False,4,50,10,20,15,100,5000,10000,80,80,5000,108,4,2,1,3
61420,False,4,50,10,20,15,100,5000,10000,80,80,5000,108,4,2,1,3
61620,False,4,50,10,20,15,100,5000,10000,80,80,5000,108,4,2,1,3
61670,False,4,50,10,20,15,100,5000,10000,80,80,5000,108,4,2,1,3
61720,False,4,50,10,20,15,100,5000,10000,80,80,5000,108,4,2,1,3
61870,False,4,50,10,20,15,100,5000,10000,80,80,5000,108,4,2,1,3
61920,False,4,50,10,20,15,100,5000,10000,80,80,5000,108,4,2,1,3
61970,False,4,50,10,20,15,100,5000,10000,80,80,5000,108,4,2,1,3
62120,False,4,50,10,20,15,100,5000,10000,80,80,5000,108,4,2,1,3
62170,False,4,50,10,20,15,100,5000,10000,80,80,5000,108,4,2,1,3
62220,False,4,50,10,20,15,100,5000,10000,80,80,5000,108,4,2,1,3
62270,False,4,50,10,20,15,100,5000,10000,80,80,5000,108,4,2,1,3
62320,False,4,50,10,20,15,100,5000,10000,80,80,5000,108,4,2,1,3
62370,False,4,50,10,20,15,100,5000,10000,80,80,5000,108,4,2,1,3
62420,False,4,50,10,20,15,100,5000,10000,80,80,5000,108,4,2,1,3
62570,False,4,50,10,20,15,100,5000,10000,80,80,5000,108,4,2,1,3
62620,False,4,50,10,20,15,100,5000,10000,80,80,5000,108,4,2,1,3
62770,False,4,50,10,20,15,100,5000,10000,80,80,5000,108,4,2,1,3
62820,False,4,50,10,20,15,100,5000,10000,80,80,5000,108,4,2,1,3
62870,False,4,50,10,20,15,100,5000,10000,80,80,5000,108,4,2,1,3
62920,False,4,50,10,20,15,100,5000,10000,80,80,5000,108,4,2,1,3
62970,False,4,50,10,20,15,100,5000,10000,80,80,5000,108,4,2,1,3
63520,False,4,50,10,20,15,100,5000,10000,80,80,5000,108,4,2,1,3
63570,False,4,50,10,20,15,100,5000,10000,80,80,5000,108,4,2,1,3
63870,False,4,50,10,20,15,100,5000,10000,80,80,5000,108,4,2,1,3
63970,False,4,50,10,20,15,100,5000,10000,80,80,5000,107,4,2,1,3
64520,False,4,50,10,20,15,100,5000,10000,80,80,5000,107,4,2,1,3
64570,False,4,50,10,20,15,100,5000,10000,80,80,5000,107,4,2,1,3
64720,False,4,50,10,20,15,100,5000,10000,80,80,5000,107,4,2,1,3
64920,False,4,50,10,20,15,100,5000,10000,80,80,5000,112,4,2,1,3
65020,False,4,50,10,20,15,100,5000,10000,80,80,5000,125,4,2,1,3
65270,False,4,50,10,20,15,100,5000,10000,80,80,5000,125,4,2,1,3
65470,False,4,50,10,20,15,100,5000,10000,80,80,5000,125,4,2,1,3
65520,False,4,50,10,20,15,100,5000,10000,80,80,5000,125,4,2,1,3
65570,False,4,50,10,20,15,100,5000,10000,80,80,5000,125,4,2,1,3
66020,False,4,50,10,20,15,100,5000,10000,80,80,5000,124,4,2,1,3
66120,False,4,50,10,20,15,100,5000,10000,80,80,5000,124,4,2,1,3
66170,False,4,50,10,20,15,100,5000,10000,80,80,5000,124,4,2,1,3
66220,False,4,50,10,20,15,100,5000,10000,80,80,5000,124,4,2,1,3
66370,False,4,50,10,20,15,100,5000,10000,80,80,5000,124,4,2,1,3
66520,False,4,50,10,20,15,100,5000,10000,80,80,5000,124,4,2,1,3
66570,False,4,50,10,20,15,100,5000,10000,80,80,5000,124,4,2,1,3
67020,False,4,50,10,20,15,100,5000,10000,80,80,5000,123,4,2,1,3
67120,False,4,50,10,20,15,100,5000,10000,80,80,5000,123,4,2,1,3
67220,False,4,50,10,20,15,100,5000,10000,80,80,5000,123,4,2,1,3
67520,False,4,50,10,20,15,100,5000,10000,80,80,5000,122,4,2,1,3
67820,False,4,50,10,20,15,100,5000,10000,80,80,5000,122,4,2,1,3
67970,False,4,50,10,20,15,100,5000,10000,80,80,5000,122,4,2,1,3
68090,False,4,50,10,20,15,100,5000,10000,80,80,5000,122,4,2,1,3
68140,False,4,50,10,20,15,100,5000,10000,80,80,5000,122,4,2,1,3
68190,False,4,50,10,20,15,100,5000,10000,80,80,5000,122,4,2,1,3
68240,False,4,50,10,20,15,100,5000,10000,80,80,5000,122,4,2,1,3
68340,False,4,50,10,20,15,100,5000,10000,80,80,5000,122,4,2,1,3
68390,False,4,50,10,20,15,100,5000,10000,80,80,5000,122,4,2,1,3
68440,False,4,50,10,20,15,100,5000,10000,80,80,5000,122,4,2,1,3
68640,False,4,50,10,20,15,100,5000,10000,80,80,5000,122,4,2,1,3
68790,False,4,50,10,20,15,100,5000,10000,80,80,5000,122,4,2,1,3
68840,False,4,50,10,20,15,100,5000,10000,80,80,5000,125,4,2,1,3
68890,False,4,50,10,20,15,100,5000,10000,80,80,5000,128,4,2,1,3
68990,False,4,50,10,20,15,100,5000,10000,80,80,5000,140,4,2,1,3
69040,False,4,50,10,20,15,100,5000,10000,80,80,5000,140,4,2,1,3
69090,False,4,50,10,20,15,100,5000,10000,80,80,5000,140,4,2,1,3
69140,False,4,50,10,20,15,100,5000,10000,80,80,5000,140,4,2,1,3
69190,False,4,50,10,20,15,100,5000,10000,80,80,5000,140,4,2,1,3
69290,False,4,50,10,20,15,100,5000,10000,80,80,5000,140,4,2,1,3
69340,False,4,50,10,20,15,100,5000,10000,80,80,5000,140,4,2,1,3
69390,False,4,50,10,20,15,100,5000,10000,80,80,5000,140,4,2,1,3
69440,False,4,50,10,20,15,100,5000,10000,80,80,5000,140,4,2,1,3
69840,False,4,50,10,20,15,100,5000,10000,80,80,5000,140,4,2,1,3
69940,False,4,50,10,20,15,100,5000,10000,80,80,5000,140,4,2,1,3
69990,False,4,50,10,20,15,100,5000,10000,80,80,5000,140,4,2,1,3
70040,False,4,50,10,20,15,100,5000,10000,80,80,5000,140,4,2,1,3
70340,False,4,50,10,20,15,100,5000,10000,80,80,5000,140,4,2,1,4
70390,False,4,50,10,20,15,100,5000,10000,80,80,5000,140,4,2,1,4
70590,False,4,50,10,20,15,100,5000,10000,80,80,5000,140,4,2,1,4
70640,False,4,50,10,20,15,100,5000,10000,80,80,5000,140,4,2,1,4
70690,False,4,50,10,20,15,100,5000,10000,80,80,5000,140,4,2,1,4
70840,False,4,50,10,20,15,100,5000,10000,80,80,5000,140,4,2,1,4
71040,False,4,50,10,20,15,100,5000,10000,80,80,5000,140,4,2,1,4
71140,False,4,50,10,20,15,100,5000,10000,80,80,5000,140,4,2,1,4
71540,False,4,50,10,20,15,100,5000,10000,80,80,5000,140,4,2,1,4
71690,False,4,50,10,20,15,100,5000,10000,80,80,5000,140,4,2,1,4
71740,False,4,50,10,20,15,100,5000,10000,80,80,5000,140,4,2,1,4
71790,False,4,50,10,20,15,100,5000,10000,80,80,5000,140,4,2,1,4
71890,False,4,50,10,20,15,100,5000,10000,80,80,5000,140,4,2,1,4
71940,False,4,50,10,20,15,100,5000,10000,80,80,5000,140,4,2,1,4
71990,False,4,50,10,20,15,100,5000,10000,80,80,5000,140,4,2,1,4
72140,False,4,50,10,20,15,100,5000,10000,80,80,5000,140,4,2,1,4
72190,False,4,50,10,20,15,100,5000,10000,80,80,5000,140,4,2,1,4
72290,False,4,50,10,20,15,100,5000,10000,80,80,5000,140,4,2,1,4
72440,False,4,50,10,20,15,100,5000,10000,80,80,5000,140,4,2,1,4
72540,False,4,50,10,20,15,100,5000,10000,80,80,5000,140,4,2,1,4
72740,False,4,50,10,20,15,100,5000,10000,80,80,5000,140,4,2,1,4
73290,False,4,50,10,20,15,100,5000,10000,80,80,5000,157,4,2,1,4
73340,False,4,50,10,20,15,100,5000,10000,80,80,5000,157,4,2,1,4
73440,False,4,50,10,20,15,100,5000,10000,80,80,5000,157,4,2,1,4
73490,False,4,50,10,20,15,100,5000,10000,80,80,5000,157,4,2,1,4
73590,False,4,50,10,20,15,100,5000,10000,80,80,5000,157,4,2,1,4
73640,False,4,50,10,20,15,100,5000,10000,80,80,5000,156,4,2,1,4
73690,False,4,50,10,20,15,100,5000,10000,80,80,5000,156,4,2,1,4
74140,False,4,50,10,20,15,100,5000,10000,80,80,5000,156,4,2,1,4
74290,False,4,50,10,20,15,100,5000,10000,80,80,5000,156,4,2,1,4
74340,False,4,50,10,20,15,100,5000,10000,80,80,5000,156,4,2,1,4
74390,False,4,50,10,20,15,100,5000,10000,80,80,5000,156,4,2,1,4
74490,False,4,50,10,20,15,100,5000,10000,80,80,5000,156,4,2,1,4
74540,False,4,50,10,20,15,100,5000,10000,80,80,5000,155,4,2,1,4
74590,False,4,50,10,20,15,100,5000,10000,80,80,5000,155,4,2,1,4
74640,False,4,50,10,20,15,100,5000,10000,80,80,5000,155,4,2,1,4
74840,False,4,50,10,20,15,100,5000,10000,80,80,5000,155,4,2,1,4
75290,False,4,50,10,20,15,100,5000,10000,80,80,5000,155,4,2,1,4
75390,False,4,50,10,20,15,100,5000,10000,80,80,5000,155,4,2,1,4
75940,False,4,50,10,20,15,100,5000,10000,80,80,5000,154,5,3,0,4
76140,False,4,50,10,20,15,100,5000,10000,80,80,5000,154,5,3,0,4
76190,False,4,50,10,20,15,100,5000,10000,80,80,5000,154,5,3,0,4
76240,False,4,50,10,20,15,100,5000,10000,80,80,5000,154,5,3,0,4
76340,False,4,50,10,20,15,100,5000,10000,80,80,5000,153,5,3,0,4
76490,False,4,50,10,20,15,100,5000,10000,80,80,5000,153,5,3,0,4
76590,False,4,50,10,20,15,100,5000,10000,80,80,5000,153,5,3,0,4
76640,False,4,50,10,20,15,100,5000,10000,80,80,5000,153,5,3,0,4
76690,False,4,50,10,20,15,100,5000,10000,80,80,5000,153,5,3,0,4
77040,False,4,50,10,20,15,100,5000,10000,80,80,5000,172,5,3,0,4
77190,False,4,50,10,20,15,100,5000,10000,80,80,5000,172,5,3,0,4
77240,False,4,50,10,20,15,100,5000,10000,80,80,5000,171,5,3,0,4
77440,False,4,50,10,20,15,100,5000,10000,80,80,5000,171,5,3,0,4
77540,False,4,50,10,20,15,100,5000,10000,80,80,5000,170,5,3,0,4
77590,False,4,50,10,20,15,100,5000,10000,80,80,5000,170,5,3,0,4
77640,False,4,50,10,20,15,100,5000,10000,80,80,5000,170,5,3,0,4
77690,False,4,50,10,20,15,100,5000,10000,80,80,5000,170,5,3,0,4
77890,False,4,50,10,20,15,100,5000,10000,80,80,5000,170,5,3,0,4
78310,False,4,50,10,20,15,100,5000,10000,80,80,5000,169,5,3,0,4
78410,False,4,50,10,20,15,100,5000,10000,80,80,5000,168,5,3,0,4
78560,False,4,50,10,20,15,100,5000,10000,80,80,5000,168,5,3,0,4
78610,False,4,50,10,20,15,100,5000,10000,80,80,5000,168,5,3,0,4
78710,False,4,50,10,20,15,100,5000,10000,80,80,5000,168,5,3,0,4
78760,False,4,50,10,20,15,100,5000,10000,80,80,5000,168,5,3,0,4
78810,False,4,50,10,20,15,100,5000,10000,80,80,5000,168,5,3,0,4
78910,False,4,50,10,20,15,100,5000,10000,80,80,5000,167,5,3,0,4
78960,False,4,50,10,20,15,100,5000,10000,80,80,5000,167,5,3,0,4
79010,False,4,50,10,20,15,100,5000,10000,80,80,5000,167,5,3,0,4
79060,False,4,50,10,20,15,100,5000,10000,80,80,5000,167,5,3,0,4
79260,False,4,50,10,20,15,100,5000,10000,80,80,5000,167,5,3,0,4
79310,False,4,50,10,20,15,100,5000,10000,80,80,5000,167,5,3,0,4
79460,False,4,50,10,20,15,100,5000,10000,80,80,5000,167,5,3,0,4
79510,False,4,50,10,20,15,100,5000,10000,80,80,5000,167,5,3,0,4
79560,False,4,50,10,20,15,100,5000,10000,80,80,5000,167,5,3,0,4
79910,False,4,50,10,20,15,100,5000,10000,80,80,5000,165,5,3,0,4
79960,False,4,50,10,20,15,100,5000,10000,80,80,5000,165,5,3,0,4
80310,False,4,50,10,20,15,100,5000,10000,80,80,5000,165,5,3,0,4
80360,False,4,50,10,20,15,100,5000,10000,80,80,5000,165,5,3,0,4
80410,False,4,50,10,20,15,100,5000,10000,80,80,5000,165,5,3,0,4
80560,False,4,50,10,20,15,100,5000,10000,80,80,5000,165,5,3,0,4
80610,False,4,50,10,20,15,100,5000,10000,80,80,5000,165,5,3,0,4
80760,False,4,50,10,20,15,100,5000,10000,80,80,5000,164,5,3,0,4
80860,False,4,50,10,20,15,100,5000,10000,80,80,5000,171,5,3,0,4
81010,False,4,50,10,20,15,100,5000,10000,80,80,5000,181,5,3,0,4
81060,False,4,50,10,20,15,100,5000,10000,80,80,5000,181,5,3,0,4
81210,False,4,50,10,20,15,100,5000,10000,80,80,5000,181,5,3,0,4
81260,False,4,50,10,20,15,100,5000,10000,80,80,5000,181,5,3,0,4
81310,False,4,50,10,20,15,100,5000,10000,80,80,5000,181,5,3,0,4
81360,False,4,50,10,20,15,100,5000,10000,80,80,5000,181,5,3,0,4
81460,False,4,50,10,20,15,100,5000,10000,80,80,5000,180,5,3,0,4
81510,False,4,50,10,20,15,100,5000,10000,80,80,5000,180,5,3,0,4
81810,False,4,50,10,20,15,100,5000,10000,80,80,5000,180,5,3,0,4
81860,False,4,50,10,20,15,100,5000,10000,80,80,5000,180,5,3,0,4
81910,False,4,50,10,20,15,100,5000,10000,80,80,5000,180,5,3,0,4
81960,False,4,50,10,20,15,100,5000,10000,80,80,5000,180,5,3,0,4
82060,False,4,50,10,20,15,100,5000,10000,80,80,5000,180,5,3,0,4
82110,False,4,50,10,20,15,100,5000,10000,80,80,5000,180,5,3,0,4
82160,False,4,50,10,20,15,100,5000,10000,80,80,5000,180,5,3,0,4
82510,False,4,50,10,20,15,100,5000,10000,80,80,5000,179,5,3,0,5
82660,False,4,50,10,20,15,100,5000,10000,80,80,5000,179,5,3,0,5
82810,False,4,50,10,20,15,100,5000,10000,80,80,5000,179,5,3,0,5
82860,False,4,50,10,20,15,100,5000,10000,80,80,5000,179,5,3,0,5
83010,False,4,50,10,20,15,100,5000,10000,80,80,5000,179,5,3,0,5
83110,False,4,50,10,20,15,100,5000,10000,80,80,5000,179,5,3,0,5
83710,False,4,50,10,20,15,100,5000,10000,80,80,5000,178,5,3,0,5
84760,True,4,50,10,20,15,100,5000,10000,80,80,5000,178,5,3,0,5
85710,True,4,50,10,20,15,100,5000,10000,80,80,5000,198,5,3,0,5
85760,True,4,50,10,20,15,100,5000,10000,80,80,5000,198,5,3,0,5
85860,True,4,50,10,20,15,100,5000,10000,80,80,5000,198,5,3,1,5
85960,True,4,50,10,20,15,100,5000,10000,80,80,5000,198,5,3,1,5
86060,True,4,50,10,20,15,100,5000,10000,80,80,5000,198,5,3,1,5
88180,True,4,50,10,20,15,100,5000,10000,80,80,5000,198,5,3,1,5
88230,True,4,50,10,20,15,100,5000,10000,80,80,5000,198,5,3,1,5
88280,True,4,50,10,20,15,100,5000,10000,80,80,5000,198,5,3,1,5
88330,True,4,50,10,20,15,100,5000,10000,80,80,5000,198,5,3,1,5
88380,True,4,50,10,20,15,100,5000,10000,80,80,5000,198,5,3,1,5
88430,True,4,50,10,20,15,100,5000,10000,80,80,5000,198,5,3,1,5
88480,True,4,50,10,20,15,100,5000,10000,80,80,5000,198,5,3,1,5
88530,True,4,50,10,20,15,100,5000,10000,80,80,5000,198,5,3,1,5
88580,True,4,50,10,20,15,100,5000,10000,80,80,5000,198,5,3,1,5
88630,True,4,50,10,20,15,100,5000,10000,80,80,5000,198,5,3,1,5
88680,True,4,50,10,20,15,100,5000,10000,80,80,5000,198,5,3,1,5
88830,True,4,50,10,20,15,100,5000,10000,80,80,5000,198,5,3,1,5
88930,True,4,50,10,20,15,100,5000,10000,80,80,5000,207,5,3,1,5
88980,True,4,50,10,20,15,100,5000,10000,80,80,5000,214,5,3,1,5
89080,True,4,50,10,20,15,100,5000,10000,80,80,5000,219,5,3,1,5
89130,True,4,50,10,20,15,100,5000,10000,80,80,5000,219,5,3,1,5
89180,True,4,50,10,20,15,100,5000,10000,80,80,5000,219,5,3,1,5
89230,True,4,50,10,20,15,100,5000,10000,80,80,5000,219,5,3,1,5
89280,True,4,50,10,20,15,100,5000,10000,80,80,5000,219,5,3,1,5
89330,True,4,50,10,20,15,100,5000,10000,80,80,5000,219,5,3,1,5
89380,True,4,50,10,20,15,100,5000,10000,80,80,5000,219,5,3,1,5
89430,True,4,50,10,20,15,100,5000,10000,80,80,5000,219,5,3,1,5
89480,True,4,50,10,20,15,100,5000,10000,80,80,5000,219,5,3,1,5
89530,True,4,50,10,20,15,100,5000,10000,80,80,5000,219,5,3,1,5
89580,True,4,50,10,20,15,100,5000,10000,80,80,5000,219,5,3,1,5
89630,True,4,50,10,20,15,100,5000,10000,80,80,5000,219,5,3,1,5
89730,True,4,50,10,20,15,100,5000,10000,80,80,5000,219,5,3,1,5
89880,True,4,50,10,20,15,100,5000,10000,80,80,5000,219,5,3,1,5
89930,True,4,50,10,20,15,100,5000,10000,80,80,5000,219,5,3,1,5
90030,True,4,50,10,20,15,100,5000,10000,80,80,5000,219,5,3,1,5
90080,True,4,50,10,20,15,100,5000,10000,80,80,5000,219,5,3,1,5
90130,True,4,50,10,20,15,100,5000,10000,80,80,5000,219,5,3,1,5
90180,True,4,50,10,20,15,100,5000,10000,80,80,5000,219,5,3,1,5
90230,True,4,50,10,20,15,100,5000,10000,80,80,5000,219,5,3,1,5
90280,True,4,50,10,20,15,100,5000,10000,80,80,5000,219,5,3,1,5
90330,True,4,50,10,20,15,100,5000,10000,80,80,5000,219,5,3,1,5
90380,True,4,50,10,20,15,100,5000,10000,80,80,5000,219,5,3,1,5
90480,True,4,50,10,20,15,100,5000,10000,80,80,5000,219,5,3,1,5
90530,True,4,50,10,20,15,100,5000,10000,80,80,5000,219,5,3,1,5
90580,True,4,50,10,20,15,100,5000,10000,80,80,5000,219,5,3,1,5
90680,True,4,50,10,20,15,100,5000,10000,80,80,5000,219,5,3,1,5
90780,True,4,50,10,20,15,100,5000,10000,80,80,5000,219,5,3,1,5
90880,True,4,50,10,20,15,100,5000,10000,80,80,5000,219,5,3,2,5
90930,True,4,50,10,20,15,100,5000,10000,80,80,5000,219,5,3,2,5
90980,True,4,50,10,20,15,100,5000,10000,80,80,5000,219,5,3,2,5
91030,True,4,50,10,20,15,100,5000,10000,80,80,5000,219,5,3,2,5
91130,True,4,50,10,20,15,100,5000,10000,80,80,5000,219,5,3,2,5
91180,True,4,50,10,20,15,100,5000,10000,80,80,5000,219,5,3,2,5
91230,True,4,50,10,20,15,100,5000,10000,80,80,5000,219,5,3,2,5
91330,True,4,50,10,20,15,100,5000,10000,80,80,5000,219,5,3,2,5
91380,True,4,50,10,20,15,100,5000,10000,80,80,5000,219,5,3,2,5
91430,True,4,50,10,20,15,100,5000,10000,80,80,5000,219,5,3,2,5
91481,True,4,50,10,20,15,100,5000,10000,80,80,5000,219,5,3,2,5
91530,True,4,50,10,20,15,100,5000,10000,80,80,5000,219,5,3,2,5
91630,True,4,50,10,20,15,100,5000,10000,80,80,5000,219,5,3,2,5
91680,True,4,50,10,20,15,100,5000,10000,80,80,5000,219,5,3,2,5
91880,True,4,50,10,20,15,100,5000,10000,80,80,5000,219,5,3,2,5
91980,True,4,50,10,20,15,100,5000,10000,80,80,5000,219,5,3,2,5
92080,True,4,50,10,20,15,100,5000,10000,80,80,5000,219,5,3,2,5
92130,True,4,50,10,20,15,100,5000,10000,80,80,5000,219,5,3,2,5
92180,True,4,50,10,20,15,100,5000,10000,80,80,5000,219,5,3,2,5
92230,True,4,50,10,20,15,100,5000,10000,80,80,5000,219,5,3,2,5
92280,True,4,50,10,20,15,100,5000,10000,80,80,5000,219,5,3,2,5
92330,True,4,50,10,20,15,100,5000,10000,80,80,5000,219,5,3,2,5
92380,True,4,50,10,20,15,100,5000,10000,80,80,5000,219,5,3,2,5
92430,True,4,50,10,20,15,100,5000,10000,80,80,5000,219,5,3,2,5
92480,True,4,50,10,20,15,100,5000,10000,80,80,5000,219,5,3,2,5
92530,True,4,50,10,20,15,100,5000,10000,80,80,5000,219,5,3,2,5
92580,True,4,50,10,20,15,100,5000,10000,80,80,5000,219,5,3,2,5
92630,True,4,50,10,20,15,100,5000,10000,80,80,5000,219,5,3,2,5
92680,True,4,50,10,20,15,100,5000,10000,80,80,5000,219,5,3,2,5
92730,True,4,50,10,20,15,100,5000,10000,80,80,5000,219,5,3,2,5
92780,True,4,50,10,20,15,100,5000,10000,80,80,5000,219,5,3,2,5
92930,True,4,50,10,20,15,100,5000,10000,80,80,5000,226,5,3,2,5
92980,True,4,50,10,20,15,100,5000,10000,80,80,5000,233,5,3,2,5
93030,True,4,50,10,20,15,100,5000,10000,80,80,5000,237,5,3,2,5
93080,True,4,50,10,20,15,100,5000,10000,80,80,5000,237,5,3,2,5
93130,True,4,50,10,20,15,100,5000,10000,80,80,5000,237,5,3,2,5
98200,True,4,50,10,20,15,100,5000,10000,80,80,5000,257,5,3,2,5
98250,True,4,50,10,20,15,100,5000,10000,80,80,5000,257,5,3,2,5
98300,True,4,50,10,20,15,100,5000,10000,80,80,5000,257,5,3,2,5
98350,True,4,50,10,20,15,100,5000,10000,80,80,5000,257,5,3,2,5
98550,True,4,50,10,20,15,100,5000,10000,80,80,5000,257,5,3,2,5
98600,True,4,50,10,20,15,100,5000,10000,80,80,5000,257,5,3,2,5
98700,True,4,50,10,20,15,100,5000,10000,80,80,5000,257,5,3,2,5
98800,True,4,50,10,20,15,100,5000,10000,80,80,5000,257,5,3,2,5
98850,True,4,50,10,20,15,100,5000,10000,80,80,5000,257,5,3,2,5
98950,True,4,50,10,20,15,100,5000,10000,80,80,5000,257,5,3,2,5
99000,True,4,50,10,20,15,100,5000,10000,80,80,5000,257,5,3,2,5
99050,True,4,50,10,20,15,100,5000,10000,80,80,5000,257,5,3,2,5
99150,True,4,50,10,20,15,100,5000,10000,80,80,5000,257,5,3,2,5
99250,True,4,50,10,20,15,100,5000,10000,80,80,5000,257,5,3,2,5
99300,True,4,50,10,20,15,100,5000,10000,80,80,5000,257,5,3,2,5
99350,True,4,50,10,20,15,100,5000,10000,80,80,5000,257,5,3,2,5
99450,True,4,50,10,20,15,100,5000,10000,80,80,5000,257,5,3,2,5
99650,True,4,50,10,20,15,100,5000,10000,80,80,5000,257,5,3,2,5
99750,True,4,50,10,20,15,100,5000,10000,80,80,5000,257,5,3,2,5
99850,True,4,50,10,20,15,100,5000,10000,80,80,5000,257,5,3,2,5
99900,True,4,50,10,20,15,100,5000,10000,80,80,5000,257,5,3,2,5
100100,True,4,50,10,20,15,100,5000,10000,80,80,5000,257,5,3,2,5
100150,True,4,50,10,20,15,100,5000,10000,80,80,5000,257,5,3,2,5
100200,True,4,50,10,20,15,100,5000,10000,80,80,5000,257,5,3,2,5
100300,True,4,50,10,20,15,100,5000,10000,80,80,5000,257,5,3,2,5
100500,True,4,50,10,20,15,100,5000,10000,80,80,5000,257,5,3,2,5
100550,True,4,50,10,20,15,100,5000,10000,80,80,5000,257,5,3,2,5
100600,True,4,50,10,20,15,100,5000,10000,80,80,5000,257,5,3,2,5
100750,True,4,50,10,20,15,100,5000,10000,80,80,5000,257,5,3,2,5
100800,True,4,50,10,20,15,100,5000,10000,80,80,5000,257,5,3,2,5
100850,True,4,50,10,20,15,100,5000,10000,80,80,5000,258,5,4,1,5
101000,True,4,50,10,20,15,100,5000,10000,80,80,5000,278,5,4,1,5
101250,True,4,50,10,20,15,100,5000,10000,80,80,5000,278,5,4,1,5
101450,True,4,50,10,20,15,100,5000,10000,80,80,5000,278,5,4,1,5
101750,True,4,50,10,20,15,100,5000,10000,80,80,5000,278,5,4,1,5
101850,True,4,50,10,20,15,100,5000,10000,80,80,5000,278,5,4,1,5
101950,True,4,50,10,20,15,100,5000,10000,80,80,5000,278,5,4,1,5
102000,True,4,50,10,20,15,100,5000,10000,80,80,5000,278,5,4,1,5
102100,True,4,50,10,20,15,100,5000,10000,80,80,5000,278,5,4,1,5
102200,True,4,50,10,20,15,100,5000,10000,80,80,5000,278,5,4,1,5
102450,True,4,50,10,20,15,100,5000,10000,80,80,5000,278,5,4,1,5
102550,True,4,50,10,20,15,100,5000,10000,80,80,5000,278,5,4,1,5
102750,True,4,50,10,20,15,100,5000,10000,80,80,5000,278,5,4,1,5
102800,True,4,50,10,20,15,100,5000,10000,80,80,5000,278,5,4,1,5
103100,True,4,50,10,20,15,100,5000,10000,80,80,5000,278,5,4,1,5
108220,True,4,50,10,20,15,100,5000,10000,80,80,5000,298,5,5,0,5
108320,True,4,50,10,20,15,100,5000,10000,80,80,5000,298,5,5,0,5
108370,True,4,50,10,20,15,100,5000,10000,80,80,5000,298,5,5,0,5
108420,True,4,50,10,20,15,100,5000,10000,80,80,5000,298,5,5,0,5
108520,True,4,50,10,20,15,100,5000,10000,80,80,5000,298,5,5,0,5
108620,True,4,50,10,20,15,100,5000,10000,80,80,5000,298,5,5,0,5
108870,True,4,50,10,20,15,100,5000,10000,80,80,5000,306,5,5,0,5
108970,True,4,50,10,20,15,100,5000,10000,80,80,5000,307,5,5,0,5
109070,True,4,50,10,20,15,100,5000,10000,80,80,5000,320,5,5,0,5
109220,True,4,50,10,20,15,100,5000,10000,80,80,5000,320,5,5,0,5
109270,True,4,50,10,20,15,100,5000,10000,80,80,5000,320,5,5,0,5
109420,True,4,50,10,20,15,100,5000,10000,80,80,5000,320,5,5,0,5
109620,True,4,50,10,20,15,100,5000,10000,80,80,5000,320,5,5,0,5
109670,True,4,50,10,20,15,100,5000,10000,80,80,5000,320,5,5,0,5
109720,True,4,50,10,20,15,100,5000,10000,80,80,5000,320,5,5,0,5
109820,True,4,50,10,20,15,100,5000,10000,80,80,5000,320,5,5,0,5
109870,True,4,50,10,20,15,100,5000,10000,80,80,5000,320,5,5,0,5
109920,True,4,50,10,20,15,100,5000,10000,80,80,5000,320,5,5,0,5
109970,True,4,50,10,20,15,100,5000,10000,80,80,5000,320,5,5,0,5
110070,True,4,50,10,20,15,100,5000,10000,80,80,5000,320,5,5,0,5
110120,True,4,50,10,20,15,100,5000,10000,80,80,5000,320,5,5,0,5
110220,True,4,50,10,20,15,100,5000,10000,80,80,5000,320,5,5,0,5
110270,True,4,50,10,20,15,100,5000,10000,80,80,5000,320,5,5,0,5
110320,True,4,50,10,20,15,100,5000,10000,80,80,5000,320,5,5,0,5
110370,True,4,50,10,20,15,100,5000,10000,80,80,5000,320,5,5,0,5
110420,True,4,50,10,20,15,100,5000,10000,80,80,5000,320,5,5,0,5
110720,True,4,50,10,20,15,100,5000,10000,80,80,5000,320,5,5,0,5
110770,True,4,50,10,20,15,100,5000,10000,80,80,5000,320,5,5,0,5
110970,True,4,50,10,20,15,100,5000,10000,80,80,5000,320,5,5,1,5
111020,True,4,50,10,20,15,100,5000,10000,80,80,5000,320,5,5,1,5
111070,True,4,50,10,20,15,100,5000,10000,80,80,5000,320,5,5,1,5
111420,True,4,50,10,20,15,100,5000,10000,80,80,5000,320,5,5,1,5
111470,True,4,50,10,20,15,100,5000,10000,80,80,5000,320,5,5,1,5
111520,True,4,50,10,20,15,100,5000,10000,80,80,5000,320,5,5,1,5
111570,True,4,50,10,20,15,100,5000,10000,80,80,5000,320,5,5,1,5
111620,True,4,50,10,20,15,100,5000,10000,80,80,5000,320,5,5,1,5
111820,True,4,50,10,20,15,100,5000,10000,80,80,5000,320,5,5,1,5
111870,True,4,50,10,20,15,100,5000,10000,80,80,5000,320,5,5,1,5
111920,True,4,50,10,20,15,100,5000,10000,80,80,5000,320,5,5,1,5
112020,True,4,50,10,20,15,100,5000,10000,80,80,5000,320,5,5,1,5
112070,True,4,50,10,20,15,100,5000,10000,80,80,5000,320,5,5,1,5
112270,True,4,50,10,20,15,100,5000,10000,80,80,5000,320,5,5,1,5
112470,True,4,50,10,20,15,100,5000,10000,80,80,5000,320,5,5,1,5
112570,True,4,50,10,20,15,100,5000,10000,80,80,5000,320,5,5,1,5
112720,True,4,50,10,20,15,100,5000,10000,80,80,5000,320,5,5,1,4
112820,True,4,50,10,20,15,100,5000,10000,80,80,5000,320,5,5,1,4
112870,True,4,50,10,20,15,100,5000,10000,80,80,5000,326,5,5,1,4
113120,True,4,50,10,20,15,100,5000,10000,80,80,5000,344,5,5,1,4
118040,False,4,50,10,20,15,100,5000,10000,80,80,5000,366,5,5,2,5
118240,False,4,50,10,20,15,100,5000,10000,80,80,5000,366,5,5,2,5
118340,False,4,50,10,20,15,100,5000,10000,80,80,5000,366,5,5,2,5
118390,False,4,50,10,20,15,100,5000,10000,80,80,5000,366,5,5,2,5
118490,False,4,50,10,20,15,100,5000,10000,80,80,5000,366,5,5,2,5
118540,False,4,50,10,20,15,100,5000,10000,80,80,5000,366,5,5,2,5
118740,False,4,50,10,20,15,100,5000,10000,80,80,5000,364,5,5,2,5
118790,False,4,50,10,20,15,100,5000,10000,80,80,5000,364,5,5,2,5
118890,False,4,50,10,20,15,100,5000,10000,80,80,5000,364,5,5,2,5
118940,False,4,50,10,20,15,100,5000,10000,80,80,5000,364,5,5,2,5
118990,False,4,50,10,20,15,100,5000,10000,80,80,5000,364,5,5,2,5
119040,False,4,50,10,20,15,100,5000,10000,80,80,5000,364,5,5,2,5
119190,False,4,50,10,20,15,100,5000,10000,80,80,5000,364,5,5,2,5
119240,False,4,50,10,20,15,100,5000,10000,80,80,5000,364,5,5,2,5
119440,False,4,50,10,20,15,100,5000,10000,80,80,5000,364,5,5,2,5
119640,False,4,50,10,20,15,100,5000,10000,80,80,5000,362,5,5,2,5
119690,False,4,50,10,20,15,100,5000,10000,80,80,5000,362,5,5,2,5
119740,False,4,50,10,20,15,100,5000,10000,80,80,5000,362,5,5,2,5
119840,False,4,50,10,20,15,100,5000,10000,80,80,5000,362,5,5,2,5
119940,False,4,50,10,20,15,100,5000,10000,80,80,5000,362,5,5,2,5
120090,False,4,50,10,20,15,100,5000,10000,80,80,5000,362,5,5,2,5
120190,False,4,50,10,20,15,100,5000,10000,80,80,5000,362,5,5,2,5
120290,False,4,50,10,20,15,100,5000,10000,80,80,5000,362,5,5,2,5
120340,False,4,50,10,20,15,100,5000,10000,80,80,5000,362,5,5,2,5
120390,False,4,50,10,20,15,100,5000,10000,80,80,5000,362,5,5,2,5
120490,False,4,50,10,20,15,100,5000,10000,80,80,5000,362,5,5,2,5
120540,False,4,50,10,20,15,100,5000,10000,80,80,5000,361,5,5,2,5
120690,False,4,50,10,20,15,100,5000,10000,80,80,5000,361,5,5,2,5
120740,False,4,50,10,20,15,100,5000,10000,80,80,5000,361,5,5,2,5
120790,False,4,50,10,20,15,100,5000,10000,80,80,5000,361,5,4,2,5
120940,False,4,50,10,20,15,100,5000,10000,80,80,5000,368,5,4,2,5
121040,False,4,50,10,20,15,100,5000,10000,80,80,5000,379,5,4,2,5
121440,False,4,50,10,20,15,100,5000,10000,80,80,5000,379,5,4,2,5
121540,False,4,50,10,20,15,100,5000,10000,80,80,5000,378,5,4,2,5
121590,False,4,50,10,20,15,100,5000,10000,80,80,5000,378,5,4,2,5
121790,False,4,50,10,20,15,100,5000,10000,80,80,5000,377,5,4,2,5
121840,False,4,50,10,20,15,100,5000,10000,80,80,5000,377,5,4,2,5
121890,False,4,50,10,20,15,100,5000,10000,80,80,5000,377,5,4,2,5
122090,False,4,50,10,20,15,100,5000,10000,80,80,5000,377,5,4,2,5
122241,False,4,50,10,20,15,100,5000,10000,80,80,5000,377,5,4,2,5
122290,False,4,50,10,20,15,100,5000,10000,80,80,5000,377,5,4,2,5
122340,False,4,50,10,20,15,100,5000,10000,80,80,5000,377,5,4,2,5
122440,False,4,50,10,20,15,100,5000,10000,80,80,5000,376,5,4,2,5
122690,False,4,50,10,20,15,100,5000,10000,80,80,5000,375,5,3,2,5
122740,False,4,50,10,20,15,100,5000,10000,80,80,5000,375,5,3,2,5
122940,False,4,50,10,20,15,100,5000,10000,80,80,5000,375,5,3,2,5
122990,False,4,50,10,20,15,100,5000,10000,80,80,5000,375,5,3,2,5
123040,False,4,50,10,20,15,100,5000,10000,80,80,5000,375,5,3,2,5
125410,False,4,50,10,20,15,100,5000,10000,80,80,5000,396,5,3,2,5
126350,False,4,50,10,20,15,100,5000,10000,80,80,5000,392,5,3,1,5
127910,False,4,50,10,20,15,100,5000,10000,80,80,5000,386,5,3,1,5
128280,False,4,50,10,20,15,100,5000,10000,80,80,5000,386,5,3,1,4
129310,False,4,50,10,20,15,100,5000,10000,80,80,5000,410,5,3,1,4
129510,False,4,50,10,20,15,100,5000,10000,80,80,5000,409,5,3,1,4
131500,False,4,50,10,20,15,100,5000,10000,80,80,5000,406,6,4,1,5
131750,False,4,50,10,20,15,100,5000,10000,80,80,5000,405,6,4,1,5
132450,False,4,50,10,20,15,100,5000,10000,80,80,5000,402,6,3,1,5
133000,False,4,50,10,20,15,100,5000,10000,80,80,5000,419,6,3,1,5
133780,False,4,50,10,20,15,100,5000,10000,80,80,5000,423,6,3,1,5
133980,False,4,50,10,20,15,100,5000,10000,80,80,5000,423,6,3,1,5
135220,False,4,50,10,20,15,100,5000,10000,80,80,5000,422,6,3,1,5
136030,False,4,50,10,20,15,100,5000,10000,80,80,5000,422,6,3,2,5
136330,False,4,50,10,20,15,100,5000,10000,80,80,5000,422,6,3,2,5
137000,False,4,50,10,20,15,100,5000,10000,80,80,5000,441,6,3,2,5
137080,False,4,50,10,20,15,100,5000,10000,80,80,5000,447,6,3,2,5
137380,False,4,50,10,20,15,100,5000,10000,80,80,5000,447,6,3,2,5
138330,False,4,50,10,20,15,100,5000,10000,80,80,5000,446,6,3,2,5
138430,False,4,50,10,20,15,100,5000,10000,80,80,5000,446,6,3,2,5
138530,False,4,50,10,20,15,100,5000,10000,80,80,5000,446,6,3,2,5
140230,False,4,50,10,20,15,100,5000,10000,80,80,5000,444,6,3,2,5
141530,False,4,50,10,20,15,100,5000,10000,80,80,5000,467,6,3,2,5
143430,False,4,50,10,20,15,100,5000,10000,80,80,5000,467,6,3,2,5
143930,False,4,50,10,20,15,100,5000,10000,80,80,5000,467,6,3,2,5
143980,False,4,50,10,20,15,100,5000,10000,80,80,5000,466,6,3,2,5
144430,False,4,50,10,20,15,100,5000,10000,80,80,5000,466,6,3,2,5
144480,False,4,50,10,20,15,100,5000,10000,80,80,5000,466,6,3,2,5
145530,False,4,50,10,20,15,100,5000,10000,80,80,5000,496,6,3,2,5
146130,False,4,50,10,20,15,100,5000,10000,80,80,5000,495,6,4,1,5
146480,False,4,50,10,20,15,100,5000,10000,80,80,5000,495,6,4,1,5
146530,False,4,50,10,20,15,100,5000,10000,80,80,5000,495,6,4,1,5
147280,False,4,50,10,20,15,100,5000,10000,80,80,5000,494,6,4,1,5
147480,False,4,50,10,20,15,100,5000,10000,80,80,5000,494,6,4,1,5
148830,False,4,50,10,20,15,100,5000,10000,80,80,5000,493,6,4,1,5
148880,False,4,50,10,20,15,100,5000,10000,80,80,5000,503,6,4,1,5
149230,False,4,50,10,20,15,100,5000,10000,80,80,5000,521,6,4,1,5
149530,False,4,50,10,20,15,100,5000,10000,80,80,5000,521,6,4,1,5
149930,False,4,50,10,20,15,100,5000,10000,80,80,5000,521,6,4,1,5
150580,False,4,50,10,20,15,100,5000,10000,80,80,5000,520,6,4,1,5
151530,False,4,50,10,20,15,100,5000,10000,80,80,5000,519,6,5,1,5
152580,False,4,50,10,20,15,100,5000,10000,80,80,5000,518,6,5,1,5
153530,False,4,50,10,20,15,100,5000,10000,80,80,5000,550,6,4,1,5
153630,False,4,50,10,20,15,100,5000,10000,80,80,5000,550,6,4,1,5
154330,False,4,50,10,20,15,100,5000,10000,80,80,5000,549,6,4,1,5
154630,False,4,50,10,20,15,100,5000,10000,80,80,5000,549,6,4,1,5
154980,False,4,50,10,20,15,100,5000,10000,80,80,5000,549,6,4,1,5
155580,False,4,50,10,20,15,100,5000,10000,80,80,5000,549,6,4,1,5
155630,False,4,50,10,20,15,100,5000,10000,80,80,5000,549,6,4,1,5
155880,False,4,50,10,20,15,100,5000,10000,80,80,5000,549,6,4,1,5
156180,False,4,50,10,20,15,100,5000,10000,80,80,5000,549,6,4,1,5
156530,False,4,50,10,20,15,100,5000,10000,80,80,5000,547,6,4,1,5
156930,False,4,50,10,20,15,100,5000,10000,80,80,5000,564,6,4,1,5
157080,False,4,50,10,20,15,100,5000,10000,80,80,5000,573,6,4,1,5
157630,False,4,50,10,20,15,100,5000,10000,80,80,5000,572,6,4,1,5
157730,False,4,50,10,20,15,100,5000,10000,80,80,5000,572,6,4,1,5
158280,False,4,50,10,20,15,100,5000,10000,80,80,5000,571,6,4,1,5
158630,False,4,50,10,20,15,100,5000,10000,80,80,5000,571,6,4,1,5
158680,False,4,50,10,20,15,100,5000,10000,80,80,5000,571,6,4,1,5
158880,False,4,50,10,20,15,100,5000,10000,80,80,5000,571,6,4,1,5
159530,False,4,50,10,20,15,100,5000,10000,80,80,5000,570,6,4,1,5
159580,False,4,50,10,20,15,100,5000,10000,80,80,5000,570,6,4,1,5
159630,False,4,50,10,20,15,100,5000,10000,80,80,5000,570,6,4,1,5
160330,False,4,50,10,20,15,100,5000,10000,80,80,5000,568,6,4,1,5
160580,False,4,50,10,20,15,100,5000,10000,80,80,5000,568,6,4,1,5
160630,False,4,50,10,20,15,100,5000,10000,80,80,5000,568,6,4,1,5
160730,False,4,50,10,20,15,100,5000,10000,80,80,5000,568,6,4,1,5
160930,False,4,50,10,20,15,100,5000,10000,80,80,5000,580,6,4,3,5
160980,False,4,50,10,20,15,100,5000,10000,80,80,5000,580,6,4,3,5
161380,False,4,50,10,20,15,100,5000,10000,80,80,5000,586,7,4,3,5
161580,False,4,50,10,20,15,100,5000,10000,80,80,5000,586,7,4,3,5
161630,False,4,50,10,20,15,100,5000,10000,80,80,5000,586,7,4,3,5
161680,False,4,50,10,20,15,100,5000,10000,80,80,5000,586,7,4,3,5
161830,False,4,50,10,20,15,100,5000,10000,80,80,5000,586,7,4,3,5
162030,False,4,50,10,20,15,100,5000,10000,80,80,5000,584,7,4,3,5
162680,False,4,50,10,20,15,100,5000,10000,80,80,5000,583,7,4,3,5
163130,False,4,50,10,20,15,100,5000,10000,80,80,5000,582,7,4,3,5
163480,False,4,50,10,20,15,100,5000,10000,80,80,5000,581,7,4,3,5
163680,False,4,50,10,20,15,100,5000,10000,80,80,5000,581,7,4,3,5
164280,False,4,50,10,20,15,100,5000,10000,80,80,5000,580,7,3,3,5
164530,False,4,50,10,20,15,100,5000,10000,80,80,5000,579,7,3,3,5
164730,False,4,50,10,20,15,100,5000,10000,80,80,5000,578,7,3,3,5
164880,False,4,50,10,20,15,100,5000,10000,80,80,5000,580,7,3,3,5
164930,False,4,50,10,20,15,100,5000,10000,80,80,5000,594,7,3,3,5
165130,False,4,50,10,20,15,100,5000,10000,80,80,5000,607,7,3,3,5
165330,False,4,50,10,20,15,100,5000,10000,80,80,5000,606,7,3,3,5
165530,False,4,50,10,20,15,100,5000,10000,80,80,5000,605,7,3,3,5
165780,False,4,50,10,20,15,100,5000,10000,80,80,5000,605,7,3,3,5
166430,False,4,50,10,20,15,100,5000,10000,80,80,5000,604,7,4,3,5
166680,False,4,50,10,20,15,100,5000,10000,80,80,5000,604,7,4,3,5
167630,False,4,50,10,20,15,100,5000,10000,80,80,5000,604,7,3,3,5
167680,False,4,50,10,20,15,100,5000,10000,80,80,5000,604,7,3,3,5
168230,False,4,50,10,20,15,100,5000,10000,80,80,5000,603,7,3,3,6
168330,False,4,50,10,20,15,100,5000,10000,80,80,5000,603,7,3,3,6
168380,False,4,50,10,20,15,100,5000,10000,80,80,5000,603,7,3,3,6
168480,False,4,50,10,20,15,100,5000,10000,80,80,5000,603,7,3,3,6
168680,False,4,50,10,20,15,100,5000,10000,80,80,5000,603,7,3,3,6
168730,False,4,50,10,20,15,100,5000,10000,80,80,5000,603,7,3,3,6
168780,False,4,50,10,20,15,100,5000,10000,80,80,5000,603,7,2,3,6
168880,False,4,50,10,20,15,100,5000,10000,80,80,5000,606,7,2,3,6
168900,False,4,50,10,20,15,100,5000,10000,80,80,5000,616,7,2,3,6
168980,False,4,50,10,20,15,100,5000,10000,80,80,5000,618,7,2,3,6
169330,False,4,50,10,20,15,100,5000,10000,80,80,5000,628,7,2,3,6
169530,False,4,50,10,20,15,100,5000,10000,80,80,5000,628,7,2,3,6
169780,False,4,50,10,20,15,100,5000,10000,80,80,5000,628,7,2,3,6
169980,False,4,50,10,20,15,100,5000,10000,80,80,5000,627,7,2,3,6
170180,False,4,50,10,20,15,100,5000,10000,80,80,5000,627,7,2,3,6
170780,False,4,50,10,20,15,100,5000,10000,80,80,5000,626,7,2,3,6
170830,False,4,50,10,20,15,100,5000,10000,80,80,5000,626,7,2,4,6
171330,False,4,50,10,20,15,100,5000,10000,80,80,5000,626,7,2,4,6
171780,False,4,50,10,20,15,100,5000,10000,80,80,5000,625,7,2,4,6
171980,False,4,50,10,20,15,100,5000,10000,80,80,5000,624,7,2,4,6
172030,False,4,50,10,20,15,100,5000,10000,80,80,5000,624,7,2,4,6
172430,False,4,50,10,20,15,100,5000,10000,80,80,5000,623,7,2,4,6
172830,False,4,50,10,20,15,100,5000,10000,80,80,5000,623,7,2,4,6
173080,False,4,50,10,20,15,100,5000,10000,80,80,5000,654,7,2,4,6
173630,False,4,50,10,20,15,100,5000,10000,80,80,5000,653,7,2,4,6
173680,False,4,50,10,20,15,100,5000,10000,80,80,5000,653,7,2,4,6
173880,False,4,50,10,20,15,100,5000,10000,80,80,5000,653,7,2,4,6
174030,False,4,50,10,20,15,100,5000,10000,80,80,5000,653,7,2,4,6
174230,False,4,50,10,20,15,100,5000,10000,80,80,5000,652,7,1,4,6
174280,False,4,50,10,20,15,100,5000,10000,80,80,5000,652,7,1,4,6
174630,False,4,50,10,20,15,100,5000,10000,80,80,5000,652,7,1,4,6
174830,False,4,50,10,20,15,100,5000,10000,80,80,5000,652,7,1,4,6
174880,False,4,50,10,20,15,100,5000,10000,80,80,5000,652,7,1,4,6
175080,False,4,50,10,20,15,100,5000,10000,80,80,5000,651,7,1,4,6
175280,False,4,50,10,20,15,100,5000,10000,80,80,5000,650,7,1,4,6
175530,False,4,50,10,20,15,100,5000,10000,80,80,5000,650,7,1,4,6
175730,False,4,50,10,20,15,100,5000,10000,80,80,5000,650,7,0,4,6
175780,False,4,50,10,20,15,100,5000,10000,80,80,5000,650,7,0,4,6
175830,False,4,50,10,20,15,100,5000,10000,80,80,5000,650,7,1,3,6
175880,False,4,50,10,20,15,100,5000,10000,80,80,5000,650,7,2,2,6
175980,False,4,50,10,20,15,100,5000,10000,80,80,5000,649,7,2,2,6
176130,False,4,50,10,20,15,100,5000,10000,80,80,5000,648,7,2,2,6
176180,False,4,50,10,20,15,100,5000,10000,80,80,5000,648,7,2,2,6
176830,False,4,50,10,20,15,100,5000,10000,80,80,5000,648,7,2,2,6
176940,False,4,50,10,20,15,100,5000,10000,80,80,5000,657,7,2,2,6
177130,False,4,50,10,20,15,100,5000,10000,80,80,5000,666,7,2,2,6
177180,False,4,50,10,20,15,100,5000,10000,80,80,5000,665,7,2,2,6
177380,False,4,50,10,20,15,100,5000,10000,80,80,5000,665,7,2,2,6
177480,False,4,50,10,20,15,100,5000,10000,80,80,5000,665,7,2,2,6
177580,False,4,50,10,20,15,100,5000,10000,80,80,5000,665,7,2,2,6
177780,False,4,50,10,20,15,100,5000,10000,80,80,5000,665,7,2,2,6
177880,False,4,50,10,20,15,100,5000,10000,80,80,5000,665,7,2,2,6
178180,False,4,50,10,20,15,100,5000,10000,80,80,5000,662,7,2,2,6
178330,False,4,50,10,20,15,100,5000,10000,80,80,5000,661,7,2,2,6
178630,False,4,50,10,20,15,100,5000,10000,80,80,5000,661,7,2,2,6
178830,False,4,50,10,20,15,100,5000,10000,80,80,5000,661,7,2,2,6
178880,False,4,50,10,20,15,100,5000,10000,80,80,5000,661,7,2,2,6
178930,False,4,50,10,20,15,100,5000,10000,80,80,5000,661,7,2,2,6
179280,False,4,50,10,20,15,100,5000,10000,80,80,5000,660,7,2,2,6
179490,False,4,50,10,20,15,100,5000,10000,80,80,5000,660,8,2,2,6
179590,False,4,50,10,20,15,100,5000,10000,80,80,5000,660,8,2,2,6
179690,False,4,50,10,20,15,100,5000,10000,80,80,5000,660,8,2,2,6
179740,False,4,50,10,20,15,100,5000,10000,80,80,5000,659,8,2,2,6
180140,False,4,50,10,20,15,100,5000,10000,80,80,5000,657,8,2,2,6
180240,False,4,50,10,20,15,100,5000,10000,80,80,5000,657,8,2,2,6
180390,False,4,50,10,20,15,100,5000,10000,80,80,5000,656,8,2,2,6
180490,False,4,50,10,20,15,100,5000,10000,80,80,5000,654,8,2,2,6
180890,False,4,50,10,20,15,100,5000,10000,80,80,5000,659,8,3,1,6
180940,False,4,50,10,20,15,100,5000,10000,80,80,5000,671,8,3,1,6
181090,False,4,50,10,20,15,100,5000,10000,80,80,5000,678,8,3,1,6
181440,False,4,50,10,20,15,100,5000,10000,80,80,5000,675,8,3,1,6
181490,False,4,50,10,20,15,100,5000,10000,80,80,5000,675,8,3,1,6
181540,False,4,50,10,20,15,100,5000,10000,80,80,5000,675,8,3,1,6
181740,False,4,50,10,20,15,100,5000,10000,80,80,5000,674,8,3,1,6
181840,False,4,50,10,20,15,100,5000,10000,80,80,5000,674,8,3,1,6
181940,False,4,50,10,20,15,100,5000,10000,80,80,5000,674,8,3,1,6
181990,False,4,50,10,20,15,100,5000,10000,80,80,5000,674,8,3,1,6
182090,False,4,50,10,20,15,100,5000,10000,80,80,5000,672,8,3,1,6
182140,False,4,50,10,20,15,100,5000,10000,80,80,5000,672,8,3,1,6
182240,False,4,50,10,20,15,100,5000,10000,80,80,5000,671,8,3,1,6
182290,False,4,50,10,20,15,100,5000,10000,80,80,5000,669,8,3,1,6
182340,False,4,50,10,20,15,100,5000,10000,80,80,5000,669,8,3,1,6
182390,False,4,50,10,20,15,100,5000,10000,80,80,5000,669,8,3,1,6
182490,False,4,50,10,20,15,100,5000,10000,80,80,5000,669,8,3,1,6
182790,False,4,50,10,20,15,100,5000,10000,80,80,5000,668,8,3,1,6
182840,False,4,50,10,20,15,100,5000,10000,80,80,5000,668,8,3,1,6
182990,False,4,50,10,20,15,100,5000,10000,80,80,5000,667,8,3,1,6
183090,False,4,50,10,20,15,100,5000,10000,80,80,5000,667,8,3,1,6
183390,False,4,50,10,20,15,100,5000,10000,80,80,5000,665,8,3,1,6
183440,False,4,50,10,20,15,100,5000,10000,80,80,5000,665,8,3,1,6
183490,False,4,50,10,20,15,100,5000,10000,80,80,5000,665,8,3,1,6
183540,False,4,50,10,20,15,100,5000,10000,80,80,5000,665,8,3,1,6
183590,False,4,50,10,20,15,100,5000,10000,80,80,5000,664,8,3,1,6
183640,False,4,50,10,20,15,100,5000,10000,80,80,5000,663,8,3,1,6
183690,False,4,50,10,20,15,100,5000,10000,80,80,5000,663,8,3,1,6
183740,False,4,50,10,20,15,100,5000,10000,80,80,5000,663,8,3,1,6
183790,False,4,50,10,20,15,100,5000,10000,80,80,5000,663,8,3,1,6
184040,False,4,50,10,20,15,100,5000,10000,80,80,5000,660,8,3,1,6
184090,False,4,50,10,20,15,100,5000,10000,80,80,5000,660,8,3,1,6
184240,False,4,50,10,20,15,100,5000,10000,80,80,5000,659,8,3,1,6
184290,False,4,50,10,20,15,100,5000,10000,80,80,5000,659,8,3,1,6
184390,False,4,50,10,20,15,100,5000,10000,80,80,5000,659,8,3,1,6
184440,False,4,50,10,20,15,100,5000,10000,80,80,5000,659,8,3,1,6
184490,False,4,50,10,20,15,100,5000,10000,80,80,5000,659,8,3,1,6
184540,False,4,50,10,20,15,100,5000,10000,80,80,5000,659,8,3,1,6
184590,False,4,50,10,20,15,100,5000,10000,80,80,5000,659,8,3,1,6
184640,False,4,50,10,20,15,100,5000,10000,80,80,5000,659,8,3,1,6
184690,False,4,50,10,20,15,100,5000,10000,80,80,5000,657,8,3,1,6
184790,False,4,50,10,20,15,100,5000,10000,80,80,5000,657,8,3,1,6
184990,False,4,50,10,20,15,100,5000,10000,80,80,5000,674,8,3,1,6
185010,False,4,50,10,20,15,100,5000,10000,80,80,5000,674,8,3,1,6
185040,False,4,50,10,20,15,100,5000,10000,80,80,5000,680,8,3,1,6
185140,False,4,50,10,20,15,100,5000,10000,80,80,5000,680,8,3,1,6
185190,False,4,50,10,20,15,100,5000,10000,80,80,5000,680,8,3,1,6
185240,False,4,50,10,20,15,100,5000,10000,80,80,5000,680,8,3,1,6
185340,False,4,50,10,20,15,100,5000,10000,80,80,5000,680,8,3,1,6
185390,False,4,50,10,20,15,100,5000,10000,80,80,5000,680,8,3,1,6
185490,False,4,50,10,20,15,100,5000,10000,80,80,5000,680,8,3,1,6
185590,False,4,50,10,20,15,100,5000,10000,80,80,5000,679,8,3,1,6
185640,False,4,50,10,20,15,100,5000,10000,80,80,5000,679,8,3,1,6
185740,False,4,50,10,20,15,100,5000,10000,80,80,5000,679,8,3,1,6
185790,False,4,50,10,20,15,100,5000,10000,80,80,5000,679,8,3,1,6
185840,False,4,50,10,20,15,100,5000,10000,80,80,5000,678,8,4,0,6
185940,False,4,50,10,20,15,100,5000,10000,80,80,5000,678,8,4,1,7
186040,False,4,50,10,20,15,100,5000,10000,80,80,5000,677,8,4,1,7
186090,False,4,50,10,20,15,100,5000,10000,80,80,5000,677,8,4,1,7
186140,False,4,50,10,20,15,100,5000,10000,80,80,5000,677,8,4,1,7
186290,False,4,50,10,20,15,100,5000,10000,80,80,5000,677,8,4,1,7
186340,False,4,50,10,20,15,100,5000,10000,80,80,5000,677,8,4,1,7
186390,False,4,50,10,20,15,100,5000,10000,80,80,5000,677,8,4,1,7
186440,False,4,50,10,20,15,100,5000,10000,80,80,5000,677,8,4,1,7
186540,False,4,50,10,20,15,100,5000,10000,80,80,5000,676,8,4,1,7
186590,False,4,50,10,20,15,100,5000,10000,80,80,5000,676,8,4,1,7
186640,False,4,50,10,20,15,100,5000,10000,80,80,5000,676,8,4,1,7
186690,False,4,50,10,20,15,100,5000,10000,80,80,5000,676,8,4,1,7
186840,False,4,50,10,20,15,100,5000,10000,80,80,5000,675,8,4,1,7
186990,False,4,50,10,20,15,100,5000,10000,80,80,5000,675,8,4,1,7
187140,False,4,50,10,20,15,100,5000,10000,80,80,5000,675,8,4,1,7
187190,False,4,50,10,20,15,100,5000,10000,80,80,5000,675,8,4,1,7
187240,False,4,50,10,20,15,100,5000,10000,80,80,5000,675,8,4,1,7
187340,False,4,50,10,20,15,100,5000,10000,80,80,5000,675,8,4,1,7
187390,False,4,50,10,20,15,100,5000,10000,80,80,5000,675,8,4,1,7
187440,False,4,50,10,20,15,100,5000,10000,80,80,5000,675,8,4,1,7
187540,False,4,50,10,20,15,100,5000,10000,80,80,5000,675,8,4,1,7
187740,False,4,50,10,20,15,100,5000,10000,80,80,5000,674,8,4,1,7
187840,False,4,50,10,20,15,100,5000,10000,80,80,5000,674,8,4,1,7
187890,False,4,50,10,20,15,100,5000,10000,80,80,5000,674,8,4,1,7
188040,False,4,50,10,20,15,100,5000,10000,80,80,5000,672,8,4,1,7
188090,False,4,50,10,20,15,100,5000,10000,80,80,5000,672,8,4,1,7
188140,False,4,50,10,20,15,100,5000,10000,80,80,5000,672,8,4,1,7
188190,False,4,50,10,20,15,100,5000,10000,80,80,5000,672,8,4,1,7
188240,False,4,50,10,20,15,100,5000,10000,80,80,5000,672,8,4,1,7
188290,False,4,50,10,20,15,100,5000,10000,80,80,5000,672,8,4,1,7
188340,False,4,50,10,20,15,100,5000,10000,80,80,5000,672,8,4,1,7
188390,False,4,50,10,20,15,100,5000,10000,80,80,5000,672,8,4,1,7
188440,False,4,50,10,20,15,100,5000,10000,80,80,5000,672,8,4,1,7
188490,False,4,50,10,20,15,100,5000,10000,80,80,5000,672,8,4,1,7
188540,False,4,50,10,20,15,100,5000,10000,80,80,5000,671,8,4,1,7
188590,False,4,50,10,20,15,100,5000,10000,80,80,5000,671,8,4,1,7
188740,False,4,50,10,20,15,100,5000,10000,80,80,5000,671,8,4,1,7
188940,False,4,50,10,20,15,100,5000,10000,80,80,5000,685,8,4,1,7
189040,False,4,50,10,20,15,100,5000,10000,80,80,5000,697,8,4,1,7
189090,False,4,50,10,20,15,100,5000,10000,80,80,5000,697,8,4,1,7
189140,False,4,50,10,20,15,100,5000,10000,80,80,5000,697,8,4,1,7
189190,False,4,50,10,20,15,100,5000,10000,80,80,5000,697,8,4,1,7
189290,False,4,50,10,20,15,100,5000,10000,80,80,5000,697,8,4,1,7
189390,False,4,50,10,20,15,100,5000,10000,80,80,5000,697,8,4,1,7
189440,False,4,50,10,20,15,100,5000,10000,80,80,5000,697,8,4,1,7
189590,False,4,50,10,20,15,100,5000,10000,80,80,5000,697,8,4,1,7
189740,False,4,50,10,20,15,100,5000,10000,80,80,5000,696,8,4,1,7
189790,False,4,50,10,20,15,100,5000,10000,80,80,5000,696,8,4,1,7
189890,False,4,50,10,20,15,100,5000,10000,80,80,5000,696,8,4,1,7
189940,False,4,50,10,20,15,100,5000,10000,80,80,5000,696,8,4,1,7
190040,False,4,50,10,20,15,100,5000,10000,80,80,5000,696,8,4,1,7
190090,False,4,50,10,20,15,100,5000,10000,80,80,5000,696,8,4,1,7
190440,False,4,50,10,20,15,100,5000,10000,80,80,5000,695,8,4,1,7
190490,False,4,50,10,20,15,100,5000,10000,80,80,5000,695,8,4,1,7
190540,False,4,50,10,20,15,100,5000,10000,80,80,5000,695,8,4,1,7
190590,False,4,50,10,20,15,100,5000,10000,80,80,5000,694,8,4,1,7
190740,False,4,50,10,20,15,100,5000,10000,80,80,5000,694,8,4,1,7
190890,False,4,50,10,20,15,100,5000,10000,80,80,5000,694,8,4,2,7
190990,False,4,50,10,20,15,100,5000,10000,80,80,5000,694,8,4,2,7
191040,False,4,50,10,20,15,100,5000,10000,80,80,5000,694,8,4,2,7
191090,False,4,50,10,20,15,100,5000,10000,80,80,5000,694,8,4,2,7
191340,False,4,50,10,20,15,100,5000,10000,80,80,5000,694,8,4,2,7
191390,False,4,50,10,20,15,100,5000,10000,80,80,5000,694,8,4,2,7
191490,False,4,50,10,20,15,100,5000,10000,80,80,5000,694,8,4,2,7
191590,False,4,50,10,20,15,100,5000,10000,80,80,5000,694,8,4,2,7
191690,False,4,50,10,20,15,100,5000,10000,80,80,5000,694,8,4,2,7
191740,False,4,50,10,20,15,100,5000,10000,80,80,5000,694,8,4,2,7
191940,False,4,50,10,20,15,100,5000,10000,80,80,5000,694,8,4,2,7
192040,False,4,50,10,20,15,100,5000,10000,80,80,5000,694,8,4,2,7
192140,False,4,50,10,20,15,100,5000,10000,80,80,5000,694,8,4,2,7
192190,False,4,50,10,20,15,100,5000,10000,80,80,5000,694,8,4,2,7
192240,False,4,50,10,20,15,100,5000,10000,80,80,5000,694,8,4,2,7
192290,False,4,50,10,20,15,100,5000,10000,80,80,5000,694,8,4,2,7
192340,False,4,50,10,20,15,100,5000,10000,80,80,5000,694,8,4,2,8
192390,False,4,50,10,20,15,100,5000,10000,80,80,5000,694,8,4,2,8
192440,False,4,50,10,20,15,100,5000,10000,80,80,5000,694,8,4,2,8
192490,False,4,50,10,20,15,100,5000,10000,80,80,5000,694,8,4,2,8
192540,False,4,50,10,20,15,100,5000,10000,80,80,5000,694,8,4,2,8
192590,False,4,50,10,20,15,100,5000,10000,80,80,5000,694,8,4,2,8
192690,False,4,50,10,20,15,100,5000,10000,80,80,5000,694,8,4,2,8
192740,False,4,50,10,20,15,100,5000,10000,80,80,5000,694,8,4,2,8
193040,False,4,50,10,20,15,100,5000,10000,80,80,5000,719,8,4,2,8
193140,False,4,50,10,20,15,100,5000,10000,80,80,5000,721,8,4,2,8
193190,False,4,50,10,20,15,100,5000,10000,80,80,5000,721,8,4,2,8
193240,False,4,50,10,20,15,100,5000,10000,80,80,5000,721,8,4,2,8
193340,False,4,50,10,20,15,100,5000,10000,80,80,5000,721,8,4,2,8
193490,False,4,50,10,20,15,100,5000,10000,80,80,5000,721,8,4,2,8
193590,False,4,50,10,20,15,100,5000,10000,80,80,5000,721,8,4,2,8
193690,False,4,50,10,20,15,100,5000,10000,80,80,5000,721,8,4,2,8
193740,False,4,50,10,20,15,100,5000,10000,80,80,5000,721,8,4,2,8
193890,False,4,50,10,20,15,100,5000,10000,80,80,5000,721,8,4,2,8
193940,False,4,50,10,20,15,100,5000,10000,80,80,5000,721,8,4,2,8
194090,False,4,50,10,20,15,100,5000,10000,80,80,5000,721,8,4,2,8
194140,False,4,50,10,20,15,100,5000,10000,80,80,5000,721,8,4,2,8
194190,False,4,50,10,20,15,100,5000,10000,80,80,5000,721,8,4,2,8
194340,False,4,50,10,20,15,100,5000,10000,80,80,5000,721,8,4,2,8
194790,False,4,50,10,20,15,100,5000,10000,80,80,5000,721,8,4,2,8
194840,False,4,50,10,20,15,100,5000,10000,80,80,5000,721,8,4,2,8
194890,False,4,50,10,20,15,100,5000,10000,80,80,5000,721,8,4,2,8
194990,False,4,50,10,20,15,100,5000,10000,80,80,5000,721,8,4,2,8
195140,False,4,50,10,20,15,100,5000,10000,80,80,5000,721,8,4,2,8
195190,False,4,50,10,20,15,100,5000,10000,80,80,5000,721,8,4,2,8
195290,False,4,50,10,20,15,100,5000,10000,80,80,5000,721,9,4,2,8
195390,False,4,50,10,20,15,100,5000,10000,80,80,5000,721,9,4,2,8
195440,False,4,50,10,20,15,100,5000,10000,80,80,5000,721,9,4,2,8
195590,False,4,50,10,20,15,100,5000,10000,80,80,5000,721,9,4,2,8
195690,False,4,50,10,20,15,100,5000,10000,80,80,5000,721,9,4,2,8
195740,False,4,50,10,20,15,100,5000,10000,80,80,5000,721,9,4,2,8
195890,False,4,50,10,20,15,100,5000,10000,80,80,5000,721,9,4,2,8
195940,False,4,50,10,20,15,100,5000,10000,80,80,5000,721,9,4,2,8
195990,False,4,50,10,20,15,100,5000,10000,80,80,5000,721,9,4,2,8
196090,False,4,50,10,20,15,100,5000,10000,80,80,5000,721,9,4,2,8
196240,False,4,50,10,20,15,100,5000,10000,80,80,5000,720,9,4,2,8
196290,False,4,50,10,20,15,100,5000,10000,80,80,5000,720,9,4,2,8
196390,False,4,50,10,20,15,100,5000,10000,80,80,5000,720,9,4,2,8
196440,False,4,50,10,20,15,100,5000,10000,80,80,5000,720,9,4,2,8
196540,False,4,50,10,20,15,100,5000,10000,80,80,5000,720,9,4,2,8
196690,False,4,50,10,20,15,100,5000,10000,80,80,5000,720,9,4,2,8
196740,False,4,50,10,20,15,100,5000,10000,80,80,5000,720,9,4,2,8
197140,False,4,50,10,20,15,100,5000,10000,80,80,5000,747,9,4,2,8
197240,False,4,50,10,20,15,100,5000,10000,80,80,5000,747,9,3,2,8
197290,False,4,50,10,20,15,100,5000,10000,80,80,5000,747,9,3,2,8
197440,False,4,50,10,20,15,100,5000,10000,80,80,5000,747,9,3,2,8
197540,False,4,50,10,20,15,100,5000,10000,80,80,5000,747,9,3,2,8
197590,False,4,50,10,20,15,100,5000,10000,80,80,5000,747,9,3,2,8
197640,False,4,50,10,20,15,100,5000,10000,80,80,5000,747,9,3,2,8
197840,False,4,50,10,20,15,100,5000,10000,80,80,5000,747,8,3,2,8
197940,False,4,50,10,20,15,100,5000,10000,80,80,5000,746,8,3,2,8
198040,False,4,50,10,20,15,100,5000,10000,80,80,5000,746,8,3,2,8
198190,False,4,50,10,20,15,100,5000,10000,80,80,5000,746,8,3,2,8
198290,False,4,50,10,20,15,100,5000,10000,80,80,5000,746,8,3,2,8
198340,False,4,50,10,20,15,100,5000,10000,80,80,5000,746,8,3,2,8
198540,False,4,50,10,20,15,100,5000,10000,80,80,5000,746,8,3,2,8
198590,False,4,50,10,20,15,100,5000,10000,80,80,5000,746,8,3,2,8
198790,False,4,50,10,20,15,100,5000,10000,80,80,5000,746,8,3,2,8
198890,False,4,50,10,20,15,100,5000,10000,80,80,5000,745,8,3,2,8
198940,False,4,50,10,20,15,100,5000,10000,80,80,5000,745,8,3,2,8
198990,False,4,50,10,20,15,100,5000,10000,80,80,5000,745,8,3,2,8
199040,False,4,50,10,20,15,100,5000,10000,80,80,5000,745,8,3,2,8
199140,False,4,50,10,20,15,100,5000,10000,80,80,5000,745,8,3,2,8
199190,False,4,50,10,20,15,100,5000,10000,80,80,5000,745,8,3,2,8
199340,False,4,50,10,20,15,100,5000,10000,80,80,5000,745,8,3,2,8
199390,False,4,50,10,20,15,100,5000,10000,80,80,5000,745,8,3,2,8
199490,False,4,50,10,20,15,100,5000,10000,80,80,5000,745,8,3,2,8
199590,False,4,50,10,20,15,100,5000,10000,80,80,5000,745,8,3,2,8
199790,False,4,50,10,20,15,100,5000,10000,80,80,5000,744,8,3,2,8
199890,False,4,50,10,20,15,100,5000,10000,80,80,5000,744,8,3,2,8
199990,False,4,50,10,20,15,100,5000,10000,80,80,5000,744,8,3,2,8
200190,False,4,50,10,20,15,100,5000,10000,80,80,5000,744,8,3,2,8
200390,False,4,50,10,20,15,100,5000,10000,80,80,5000,744,8,3,2,8
200490,False,4,50,10,20,15,100,5000,10000,80,80,5000,744,8,3,2,8
200590,False,4,50,10,20,15,100,5000,10000,80,80,5000,744,8,3,2,8
200680,False,4,50,10,20,15,100,5000,10000,80,80,5000,744,9,3,2,8
200730,False,4,50,10,20,15,100,5000,10000,80,80,5000,744,9,3,2,8
200880,False,4,50,10,20,15,100,5000,10000,80,80,5000,746,8,4,1,8
201030,False,4,50,10,20,15,100,5000,10000,80,80,5000,763,8,4,1,8
201130,False,4,50,10,20,15,100,5000,10000,80,80,5000,767,8,4,1,8
201180,False,4,50,10,20,15,100,5000,10000,80,80,5000,767,8,4,1,8
201230,False,4,50,10,20,15,100,5000,10000,80,80,5000,767,8,4,1,8
201330,True,4,50,10,20,15,100,5000,10000,80,80,5000,767,8,4,1,8
201580,True,4,50,10,20,15,100,5000,10000,80,80,5000,767,8,4,1,8
201630,True,4,50,10,20,15,100,5000,10000,80,80,5000,766,8,4,1,8
201680,True,4,50,10,20,15,100,5000,10000,80,80,5000,766,8,4,1,8
201780,True,4,50,10,20,15,100,5000,10000,80,80,5000,766,8,4,1,8
201830,True,4,50,10,20,15,100,5000,10000,80,80,5000,766,8,4,1,8
201980,True,4,50,10,20,15,100,5000,10000,80,80,5000,766,8,4,1,8
202230,True,4,50,10,20,15,100,5000,10000,80,80,5000,766,8,4,1,8
202280,True,4,50,10,20,15,100,5000,10000,80,80,5000,766,8,4,1,8
202380,True,4,50,10,20,15,100,5000,10000,80,80,5000,766,8,4,1,8
202430,True,4,50,10,20,15,100,5000,10000,80,80,5000,766,8,4,1,8
202680,True,4,50,10,20,15,100,5000,10000,80,80,5000,764,8,4,1,8
202930,True,4,50,10,20,15,100,5000,10000,80,80,5000,764,8,4,1,8
203080,True,4,50,10,20,15,100,5000,10000,80,80,5000,764,8,4,1,8
203130,True,4,50,10,20,15,100,5000,10000,80,80,5000,764,8,4,1,8
203230,True,4,50,10,20,15,100,5000,10000,80,80,5000,764,8,4,1,8
203280,True,4,50,10,20,15,100,5000,10000,80,80,5000,764,8,4,1,8
203780,True,4,50,10,20,15,100,5000,10000,80,80,5000,762,8,4,1,8
204230,True,4,50,10,20,15,100,5000,10000,80,80,5000,762,7,4,1,8
204280,True,4,50,10,20,15,100,5000,10000,80,80,5000,762,7,4,1,8
204430,True,4,50,10,20,15,100,5000,10000,80,80,5000,762,7,4,1,8
204530,True,4,50,10,20,15,100,5000,10000,80,80,5000,761,7,4,1,8
204780,True,4,50,10,20,15,100,5000,10000,80,80,5000,761,7,4,1,8
204880,True,4,50,10,20,15,100,5000,10000,80,80,5000,763,7,4,1,8
205010,True,4,50,10,20,15,100,5000,10000,80,80,5000,781,7,4,1,8
205240,True,4,50,10,20,15,100,5000,10000,80,80,5000,790,7,4,1,8
205290,True,4,50,10,20,15,100,5000,10000,80,80,5000,790,7,4,1,8
205390,True,4,50,10,20,15,100,5000,10000,80,80,5000,789,7,4,1,8
205540,True,4,50,10,20,15,100,5000,10000,80,80,5000,789,7,4,1,8
205590,True,4,50,10,20,15,100,5000,10000,80,80,5000,789,7,4,1,8
205690,True,4,50,10,20,15,100,5000,10000,80,80,5000,789,7,4,1,8
205790,True,4,50,10,20,15,100,5000,10000,80,80,5000,789,7,4,1,8
205840,True,4,50,10,20,15,100,5000,10000,80,80,5000,789,7,4,2,8
205890,True,4,50,10,20,15,100,5000,10000,80,80,5000,789,7,5,2,8
205940,True,4,50,10,20,15,100,5000,10000,80,80,5000,789,7,5,2,8
206040,True,4,50,10,20,15,100,5000,10000,80,80,5000,789,7,5,2,8
206190,True,4,50,10,20,15,100,5000,10000,80,80,5000,789,7,5,2,8
206290,True,4,50,10,20,15,100,5000,10000,80,80,5000,788,7,5,2,8
206390,True,4,50,10,20,15,100,5000,10000,80,80,5000,788,7,5,2,8
206490,True,4,50,10,20,15,100,5000,10000,80,80,5000,788,7,5,2,8
206590,True,4,50,10,20,15,100,5000,10000,80,80,5000,788,7,5,2,8
206790,True,4,50,10,20,15,100,5000,10000,80,80,5000,788,7,5,2,8
206990,True,4,50,10,20,15,100,5000,10000,80,80,5000,788,7,5,2,8
207040,True,4,50,10,20,15,100,5000,10000,80,80,5000,788,7,5,2,8
207140,True,4,50,10,20,15,100,5000,10000,80,80,5000,788,7,5,2,8
207290,True,4,50,10,20,15,100,5000,10000,80,80,5000,788,7,5,2,8
207340,True,4,50,10,20,15,100,5000,10000,80,80,5000,788,7,5,2,8
207390,True,4,50,10,20,15,100,5000,10000,80,80,5000,788,7,5,2,8
207490,True,4,50,10,20,15,100,5000,10000,80,80,5000,788,7,5,2,8
207540,True,4,50,10,20,15,100,5000,10000,80,80,5000,788,7,5,2,8
207690,True,4,50,10,20,15,100,5000,10000,80,80,5000,788,7,5,2,8
207790,True,4,50,10,20,15,100,5000,10000,80,80,5000,788,7,5,2,8
208040,True,4,50,10,20,15,100,5000,10000,80,80,5000,788,7,5,2,9
208140,True,4,50,10,20,15,100,5000,10000,80,80,5000,788,7,5,2,9
208240,True,4,50,10,20,15,100,5000,10000,80,80,5000,788,7,5,2,9
208390,True,4,50,10,20,15,100,5000,10000,80,80,5000,788,7,5,2,9
208440,True,4,50,10,20,15,100,5000,10000,80,80,5000,788,7,5,2,9
208540,True,4,50,10,20,15,100,5000,10000,80,80,5000,788,7,5,2,9
209280,True,4,50,10,20,15,100,5000,10000,80,80,5000,804,7,5,2,9
209380,True,4,50,10,20,15,100,5000,10000,80,80,5000,804,7,5,2,9
209480,True,4,50,10,20,15,100,5000,10000,80,80,5000,804,7,5,2,9
209530,True,4,50,10,20,15,100,5000,10000,80,80,5000,804,7,5,2,9
209580,True,4,50,10,20,15,100,5000,10000,80,80,5000,804,7,5,2,9
209780,True,4,50,10,20,15,100,5000,10000,80,80,5000,804,7,5,2,9
209930,True,4,50,10,20,15,100,5000,10000,80,80,5000,804,7,5,2,9
209980,True,4,50,10,20,15,100,5000,10000,80,80,5000,804,7,5,2,9
210030,True,4,50,10,20,15,100,5000,10000,80,80,5000,804,7,5,2,9
210080,True,4,50,10,20,15,100,5000,10000,80,80,5000,804,7,5,2,9
210130,True,4,50,10,20,15,100,5000,10000,80,80,5000,804,7,5,2,9
210280,True,4,50,10,20,15,100,5000,10000,80,80,5000,804,7,5,2,9
210330,True,4,50,10,20,15,100,5000,10000,80,80,5000,804,7,5,2,9
210430,True,4,50,10,20,15,100,5000,10000,80,80,5000,804,7,5,2,9
210630,True,4,50,10,20,15,100,5000,10000,80,80,5000,804,7,5,2,9
210830,True,4,50,10,20,15,100,5000,10000,80,80,5000,804,7,5,2,9
210880,True,4,50,10,20,15,100,5000,10000,80,80,5000,804,7,5,2,9
211080,True,4,50,10,20,15,100,5000,10000,80,80,5000,804,7,5,2,9
211280,True,4,50,10,20,15,100,5000,10000,80,80,5000,804,7,5,2,9
211430,True,4,50,10,20,15,100,5000,10000,80,80,5000,804,7,5,2,9
211730,True,4,50,10,20,15,100,5000,10000,80,80,5000,804,7,5,2,9
211880,True,4,50,10,20,15,100,5000,10000,80,80,5000,804,7,5,2,9
211930,True,4,50,10,20,15,100,5000,10000,80,80,5000,804,7,5,2,9
212130,True,4,50,10,20,15,100,5000,10000,80,80,5000,804,7,5,2,9
212180,True,4,50,10,20,15,100,5000,10000,80,80,5000,804,7,5,2,9
212230,True,4,50,10,20,15,100,5000,10000,80,80,5000,804,7,5,2,9
212330,True,4,50,10,20,15,100,5000,10000,80,80,5000,804,7,5,2,9
212380,True,4,50,10,20,15,100,5000,10000,80,80,5000,804,7,5,2,9
212580,True,4,50,10,20,15,100,5000,10000,80,80,5000,804,7,5,2,9
212830,True,4,50,10,20,15,100,5000,10000,80,80,5000,804,7,5,2,9
213090,True,4,50,10,20,15,100,5000,10000,80,80,5000,822,7,5,2,9
213140,True,4,50,10,20,15,100,5000,10000,80,80,5000,822,7,5,2,9
213440,True,4,50,10,20,15,100,5000,10000,80,80,5000,822,7,5,2,9
213490,True,4,50,10,20,15,100,5000,10000,80,80,5000,822,7,5,2,9
213590,True,4,50,10,20,15,100,5000,10000,80,80,5000,822,7,5,2,9
213690,True,4,50,10,20,15,100,5000,10000,80,80,5000,822,7,5,2,9
213740,True,4,50,10,20,15,100,5000,10000,80,80,5000,822,7,5,2,9
213840,True,4,50,10,20,15,100,5000,10000,80,80,5000,822,7,5,2,9
213940,True,4,50,10,20,15,100,5000,10000,80,80,5000,822,7,5,2,9
214040,True,4,50,10,20,15,100,5000,10000,80,80,5000,822,7,5,2,9
214090,True,4,50,10,20,15,100,5000,10000,80,80,5000,822,7,5,2,9
214140,True,4,50,10,20,15,100,5000,10000,80,80,5000,822,7,5,2,9
214340,True,4,50,10,20,15,100,5000,10000,80,80,5000,822,7,5,2,9
214390,True,4,50,10,20,15,100,5000,10000,80,80,5000,822,7,5,2,9
214490,True,4,50,10,20,15,100,5000,10000,80,80,5000,822,7,5,2,9
214640,True,4,50,10,20,15,100,5000,10000,80,80,5000,822,7,5,2,9
214790,True,4,50,10,20,15,100,5000,10000,80,80,5000,822,7,5,2,9
214890,True,4,50,10,20,15,100,5000,10000,80,80,5000,822,7,5,2,9
214990,True,4,50,10,20,15,100,5000,10000,80,80,5000,822,7,5,2,9
215090,True,4,50,10,20,15,100,5000,10000,80,80,5000,822,7,5,2,9
215190,True,4,50,10,20,15,100,5000,10000,80,80,5000,822,7,5,2,9
215340,True,4,50,10,20,15,100,5000,10000,80,80,5000,822,7,5,2,9
215540,True,4,50,10,20,15,100,5000,10000,80,80,5000,822,7,5,2,9
215590,True,4,50,10,20,15,100,5000,10000,80,80,5000,822,7,5,2,9
215940,True,4,50,10,20,15,100,5000,10000,80,80,5000,822,7,5,3,9
216040,True,4,50,10,20,15,100,5000,10000,80,80,5000,822,7,5,3,9
216290,True,4,50,10,20,15,100,5000,10000,80,80,5000,822,7,5,3,9
216490,True,4,50,10,20,15,100,5000,10000,80,80,5000,822,7,5,3,9
216590,True,4,50,10,20,15,100,5000,10000,80,80,5000,822,7,5,3,9
216690,True,4,50,10,20,15,100,5000,10000,80,80,5000,822,7,5,3,9
216790,True,4,50,10,20,15,100,5000,10000,80,80,5000,822,7,5,3,9
216890,True,4,50,10,20,15,100,5000,10000,80,80,5000,823,7,5,3,9
216940,True,4,50,10,20,15,100,5000,10000,80,80,5000,836,7,5,3,9
217140,True,4,50,10,20,15,100,5000,10000,80,80,5000,842,7,5,3,9
217290,True,4,50,10,20,15,100,5000,10000,80,80,5000,842,7,5,3,9
217390,True,4,50,10,20,15,100,5000,10000,80,80,5000,842,7,5,3,9
217490,True,4,50,10,20,15,100,5000,10000,80,80,5000,842,7,5,3,9
217640,True,4,50,10,20,15,100,5000,10000,80,80,5000,842,7,5,3,9
217790,True,4,50,10,20,15,100,5000,10000,80,80,5000,842,7,5,3,9
217840,True,4,50,10,20,15,100,5000,10000,80,80,5000,842,7,5,3,9
217940,True,4,50,10,20,15,100,5000,10000,80,80,5000,842,7,5,3,9
218090,True,4,50,10,20,15,100,5000,10000,80,80,5000,842,7,5,3,9
218240,True,4,50,10,20,15,100,5000,10000,80,80,5000,842,7,5,3,9
218290,True,4,50,10,20,15,100,5000,10000,80,80,5000,842,7,5,3,9
218340,True,4,50,10,20,15,100,5000,10000,80,80,5000,842,7,5,3,9
218490,True,4,50,10,20,15,100,5000,10000,80,80,5000,842,7,5,3,9
218640,True,4,50,10,20,15,100,5000,10000,80,80,5000,842,7,5,3,9
218740,True,4,50,10,20,15,100,5000,10000,80,80,5000,842,7,5,3,9
218790,True,4,50,10,20,15,100,5000,10000,80,80,5000,842,7,5,3,9
218840,True,4,50,10,20,15,100,5000,10000,80,80,5000,842,7,5,3,9
218890,True,4,50,10,20,15,100,5000,10000,80,80,5000,842,7,5,3,9
218940,True,4,50,10,20,15,100,5000,10000,80,80,5000,842,7,5,3,9
219090,True,4,50,10,20,15,100,5000,10000,80,80,5000,842,7,5,3,9
219340,True,4,50,10,20,15,100,5000,10000,80,80,5000,842,7,5,3,9
219390,True,4,50,10,20,15,100,5000,10000,80,80,5000,842,7,5,3,9
219490,True,4,50,10,20,15,100,5000,10000,80,80,5000,842,7,5,3,9
219540,True,4,50,10,20,15,100,5000,10000,80,80,5000,842,7,5,3,9
219740,True,4,50,10,20,15,100,5000,10000,80,80,5000,842,7,5,3,9
219990,True,4,50,10,20,15,100,5000,10000,80,80,5000,842,7,5,3,9
220040,True,4,50,10,20,15,100,5000,10000,80,80,5000,842,7,5,3,9
220140,True,4,50,10,20,15,100,5000,10000,80,80,5000,842,7,5,3,9
220240,True,4,50,10,20,15,100,5000,10000,80,80,5000,842,7,5,3,9
220290,True,4,50,10,20,15,100,5000,10000,80,80,5000,842,7,5,3,9
220390,True,4,50,10,20,15,100,5000,10000,80,80,5000,842,7,5,3,9
220590,True,4,50,10,20,15,100,5000,10000,80,80,5000,842,7,5,3,9
220640,True,4,50,10,20,15,100,5000,10000,80,80,5000,842,7,5,3,9
220740,True,4,50,10,20,15,100,5000,10000,80,80,5000,842,7,5,3,9
221290,True,4,50,10,20,15,100,5000,10000,80,80,5000,864,7,7,1,9
221340,True,4,50,10,20,15,100,5000,10000,80,80,5000,864,7,7,1,9
221390,True,4,50,10,20,15,100,5000,10000,80,80,5000,864,7,7,1,9
221490,True,4,50,10,20,15,100,5000,10000,80,80,5000,864,7,7,1,9
221540,True,4,50,10,20,15,100,5000,10000,80,80,5000,864,7,7,1,9
221590,True,4,50,10,20,15,100,5000,10000,80,80,5000,864,7,7,1,9
221990,True,4,50,10,20,15,100,5000,10000,80,80,5000,864,7,7,1,9
222090,True,4,50,10,20,15,100,5000,10000,80,80,5000,864,7,7,1,9
222190,True,4,50,10,20,15,100,5000,10000,80,80,5000,864,7,7,1,9
222240,True,4,50,10,20,15,100,5000,10000,80,80,5000,864,7,7,1,9
222290,True,4,50,10,20,15,100,5000,10000,80,80,5000,864,7,7,1,9
222390,True,4,50,10,20,15,100,5000,10000,80,80,5000,864,7,7,1,9
222590,True,4,50,10,20,15,100,5000,10000,80,80,5000,864,7,7,1,9
222840,True,4,50,10,20,15,100,5000,10000,80,80,5000,864,7,7,1,9
222990,True,4,50,10,20,15,100,5000,10000,80,80,5000,864,7,7,1,9
223090,True,4,50,10,20,15,100,5000,10000,80,80,5000,864,7,7,1,9
223290,True,4,50,10,20,15,100,5000,10000,80,80,5000,864,7,7,1,9
223340,True,4,50,10,20,15,100,5000,10000,80,80,5000,864,7,7,1,9
223440,True,4,50,10,20,15,100,5000,10000,80,80,5000,864,7,7,1,9
223490,True,4,50,10,20,15,100,5000,10000,80,80,5000,864,7,7,1,9
223540,True,4,50,10,20,15,100,5000,10000,80,80,5000,864,7,7,1,9
223640,True,4,50,10,20,15,100,5000,10000,80,80,5000,864,7,7,1,9
223740,True,4,50,10,20,15,100,5000,10000,80,80,5000,864,7,7,1,9
223890,True,4,50,10,20,15,100,5000,10000,80,80,5000,864,7,7,1,9
223990,True,4,50,10,20,15,100,5000,10000,80,80,5000,864,7,7,1,9
224140,True,4,50,10,20,15,100,5000,10000,80,80,5000,864,7,7,1,9
224290,True,4,50,10,20,15,100,5000,10000,80,80,5000,864,7,7,1,9
224390,True,4,50,10,20,15,100,5000,10000,80,80,5000,864,7,7,1,9
224540,True,4,50,10,20,15,100,5000,10000,80,80,5000,864,7,7,1,9
224590,True,4,50,10,20,15,100,5000,10000,80,80,5000,864,7,7,1,9
224940,True,4,50,10,20,15,100,5000,10000,80,80,5000,874,7,7,1,9
225090,True,4,50,10,20,15,100,5000,10000,80,80,5000,880,7,7,1,9
225140,True,4,50,10,20,15,100,5000,10000,80,80,5000,880,7,7,1,9
225240,True,4,50,10,20,15,100,5000,10000,80,80,5000,880,7,7,1,9
225440,True,4,50,10,20,15,100,5000,10000,80,80,5000,880,7,7,1,9
225540,True,4,50,10,20,15,100,5000,10000,80,80,5000,880,7,7,1,9
225590,True,4,50,10,20,15,100,5000,10000,80,80,5000,880,7,7,1,9
225690,True,4,50,10,20,15,100,5000,10000,80,80,5000,880,7,7,1,9
225840,True,4,50,10,20,15,100,5000,10000,80,80,5000,880,7,7,1,9
225890,True,4,50,10,20,15,100,5000,10000,80,80,5000,880,7,7,2,9
226340,True,4,50,10,20,15,100,5000,10000,80,80,5000,880,7,7,2,9
226390,True,4,50,10,20,15,100,5000,10000,80,80,5000,880,7,7,2,9
226490,True,4,50,10,20,15,100,5000,10000,80,80,5000,880,7,7,2,9
226790,True,4,50,10,20,15,100,5000,10000,80,80,5000,880,7,7,2,9
226840,True,4,50,10,20,15,100,5000,10000,80,80,5000,880,7,7,2,9
226890,True,4,50,10,20,15,100,5000,10000,80,80,5000,880,7,7,2,9
226940,True,4,50,10,20,15,100,5000,10000,80,80,5000,880,7,7,2,9
227190,True,4,50,10,20,15,100,5000,10000,80,80,5000,880,7,7,2,9
227240,True,4,50,10,20,15,100,5000,10000,80,80,5000,880,7,7,2,9
227340,True,4,50,10,20,15,100,5000,10000,80,80,5000,880,7,7,2,9
227390,True,4,50,10,20,15,100,5000,10000,80,80,5000,880,7,7,2,9
227440,True,4,50,10,20,15,100,5000,10000,80,80,5000,880,7,7,2,9
227690,True,4,50,10,20,15,100,5000,10000,80,80,5000,880,7,7,2,9
227840,True,4,50,10,20,15,100,5000,10000,80,80,5000,880,7,7,2,9
227890,True,4,50,10,20,15,100,5000,10000,80,80,5000,880,7,7,2,9
227940,True,4,50,10,20,15,100,5000,10000,80,80,5000,880,7,7,2,9
228040,True,4,50,10,20,15,100,5000,10000,80,80,5000,880,7,7,2,9
228140,True,4,50,10,20,15,100,5000,10000,80,80,5000,880,7,7,2,9
228390,True,4,50,10,20,15,100,5000,10000,80,80,5000,880,7,7,2,9
228940,True,4,50,10,20,15,100,5000,10000,80,80,5000,887,7,7,2,9
229540,True,4,50,10,20,15,100,5000,10000,80,80,5000,892,7,7,2,9
229640,True,4,50,10,20,15,100,5000,10000,80,80,5000,892,7,7,2,9
229890,True,4,50,10,20,15,100,5000,10000,80,80,5000,892,7,7,2,9
230190,True,4,50,10,20,15,100,5000,10000,80,80,5000,892,7,7,2,9
230240,True,4,50,10,20,15,100,5000,10000,80,80,5000,892,7,7,2,9
230490,True,4,50,10,20,15,100,5000,10000,80,80,5000,892,7,7,2,9
231040,True,4,50,10,20,15,100,5000,10000,80,80,5000,892,7,8,4,9
231240,True,4,50,10,20,15,100,5000,10000,80,80,5000,892,7,8,4,9
231340,True,4,50,10,20,15,100,5000,10000,80,80,5000,892,7,8,4,9
231590,True,4,50,10,20,15,100,5000,10000,80,80,5000,892,7,8,4,9
231940,True,4,50,10,20,15,100,5000,10000,80,80,5000,892,7,8,4,9
231990,True,4,50,10,20,15,100,5000,10000,80,80,5000,892,7,8,4,9
232190,True,4,50,10,20,15,100,5000,10000,80,80,5000,892,7,8,4,9
232490,True,4,50,10,20,15,100,5000,10000,80,80,5000,892,7,8,4,9
232930,True,4,50,10,20,15,100,5000,10000,80,80,5000,899,7,8,4,9
232980,True,4,50,10,20,15,100,5000,10000,80,80,5000,900,7,8,4,9
233130,True,4,50,10,20,15,100,5000,10000,80,80,5000,906,7,8,4,9
233280,True,4,50,10,20,15,100,5000,10000,80,80,5000,906,7,8,4,9
233430,True,4,50,10,20,15,100,5000,10000,80,80,5000,906,7,8,4,9
233480,True,4,50,10,20,15,100,5000,10000,80,80,5000,906,7,8,4,9
233780,True,4,50,10,20,15,100,5000,10000,80,80,5000,906,7,8,4,9
233830,True,4,50,10,20,15,100,5000,10000,80,80,5000,906,7,8,4,9
233880,True,4,50,10,20,15,100,5000,10000,80,80,5000,906,7,8,4,9
233930,True,4,50,10,20,15,100,5000,10000,80,80,5000,906,7,8,4,9
234130,True,4,50,10,20,15,100,5000,10000,80,80,5000,906,7,8,4,9
234230,True,4,50,10,20,15,100,5000,10000,80,80,5000,906,7,8,4,9
234380,True,4,50,10,20,15,100,5000,10000,80,80,5000,906,7,8,4,9
234430,True,4,50,10,20,15,100,5000,10000,80,80,5000,906,7,8,4,9
234530,True,4,50,10,20,15,100,5000,10000,80,80,5000,906,7,8,4,9
234580,True,4,50,10,20,15,100,5000,10000,80,80,5000,906,7,8,4,9
234780,False,4,50,10,20,15,100,5000,10000,80,80,5000,906,7,8,4,9
234830,False,4,50,10,20,15,100,5000,10000,80,80,5000,906,7,8,4,9
235081,False,4,50,10,20,15,100,5000,10000,80,80,5000,906,7,8,4,9
235130,False,4,50,10,20,15,100,5000,10000,80,80,5000,906,7,8,4,9
235180,False,4,50,10,20,15,100,5000,10000,80,80,5000,906,7,8,4,9
235230,False,4,50,10,20,15,100,5000,10000,80,80,5000,906,7,8,4,9
235330,False,4,50,10,20,15,100,5000,10000,80,80,5000,906,7,8,4,9
235590,False,4,50,10,20,15,100,5000,10000,80,80,5000,900,7,8,4,9
236640,False,4,50,10,20,15,100,5000,10000,80,80,5000,897,7,8,4,9
236890,False,4,50,10,20,15,100,5000,10000,80,80,5000,897,7,8,4,9
237540,False,4,50,10,20,15,100,5000,10000,80,80,5000,913,7,8,4,9
238340,False,4,50,10,20,15,100,5000,10000,80,80,5000,908,7,8,4,9
238690,False,4,50,10,20,15,100,5000,10000,80,80,5000,907,7,8,4,9
239340,False,4,50,10,20,15,100,5000,10000,80,80,5000,903,7,7,4,9
239490,False,4,50,10,20,15,100,5000,10000,80,80,5000,903,7,7,4,9
240640,False,4,50,10,20,15,100,5000,10000,80,80,5000,895,7,7,4,9
240790,False,4,50,10,20,15,100,5000,10000,80,80,5000,894,7,7,4,9
240940,False,4,50,10,20,15,100,5000,10000,80,80,5000,895,7,8,3,9
241040,False,4,50,10,20,15,100,5000,10000,80,80,5000,909,7,8,3,9
241440,False,4,50,10,20,15,100,5000,10000,80,80,5000,913,7,8,3,9
241540,False,4,50,10,20,15,100,5000,10000,80,80,5000,913,7,8,3,9
241590,False,4,50,10,20,15,100,5000,10000,80,80,5000,912,7,8,3,9
241690,False,4,50,10,20,15,100,5000,10000,80,80,5000,912,7,8,3,9
241890,False,4,50,10,20,15,100,5000,10000,80,80,5000,911,7,8,3,9
243490,False,4,50,10,20,15,100,5000,10000,80,80,5000,902,7,8,3,9
243790,False,4,50,10,20,15,100,5000,10000,80,80,5000,900,7,8,3,9
244390,False,4,50,10,20,15,100,5000,10000,80,80,5000,898,7,8,3,9
244910,False,4,50,10,20,15,100,5000,10000,80,80,5000,900,7,7,3,9
245040,False,4,50,10,20,15,100,5000,10000,80,80,5000,913,7,7,3,9
245940,False,4,50,10,20,15,100,5000,10000,80,80,5000,913,7,10,0,9
246340,False,4,50,10,20,15,100,5000,10000,80,80,5000,913,7,10,0,9
247890,False,4,50,10,20,15,100,5000,10000,80,80,5000,910,7,10,0,9
248290,False,4,50,10,20,15,100,5000,10000,80,80,5000,909,7,10,0,9
248920,False,4,50,10,20,15,100,5000,10000,80,80,5000,909,7,10,0,9
248960,False,4,50,10,20,15,100,5000,10000,80,80,5000,914,7,10,0,9
249130,False,4,50,10,20,15,100,5000,10000,80,80,5000,928,7,10,0,9
249180,False,4,50,10,20,15,100,5000,10000,80,80,5000,928,7,10,0,9
249230,False,4,50,10,20,15,100,5000,10000,80,80,5000,928,7,10,0,9
249330,False,4,50,10,20,15,100,5000,10000,80,80,5000,928,7,10,0,9
249530,False,4,50,10,20,15,100,5000,10000,80,80,5000,928,7,10,0,9
249630,False,4,50,10,20,15,100,5000,10000,80,80,5000,928,7,10,0,9
249680,False,4,50,10,20,15,100,5000,10000,80,80,5000,928,7,10,0,9
249780,False,4,50,10,20,15,100,5000,10000,80,80,5000,928,7,9,0,9
249830,False,4,50,10,20,15,100,5000,10000,80,80,5000,928,7,9,0,9
249980,False,4,50,10,20,15,100,5000,10000,80,80,5000,928,7,9,0,9
250080,False,4,50,10,20,15,100,5000,10000,80,80,5000,928,7,9,0,9
250130,False,4,50,10,20,15,100,5000,10000,80,80,5000,928,7,9,0,9
250180,False,4,50,10,20,15,100,5000,10000,80,80,5000,928,7,9,0,9
250280,False,4,50,10,20,15,100,5000,10000,80,80,5000,928,7,9,0,9
250380,False,4,50,10,20,15,100,5000,10000,80,80,5000,928,7,9,0,9
250430,False,4,50,10,20,15,100,5000,10000,80,80,5000,928,7,9,0,9
250480,False,4,50,10,20,15,100,5000,10000,80,80,5000,928,7,9,0,9
250530,False,4,50,10,20,15,100,5000,10000,80,80,5000,927,7,9,0,9
250580,False,4,50,10,20,15,100,5000,10000,80,80,5000,927,7,9,0,9
250680,False,4,50,10,20,15,100,5000,10000,80,80,5000,927,7,9,0,9
250730,False,4,50,10,20,15,100,5000,10000,80,80,5000,927,7,9,0,9
250780,False,4,50,10,20,15,100,5000,10000,80,80,5000,927,7,9,0,9
250930,False,4,50,10,20,15,100,5000,10000,80,80,5000,927,7,9,2,9
250980,False,4,50,10,20,15,100,5000,10000,80,80,5000,927,7,9,2,9
251030,False,4,50,10,20,15,100,5000,10000,80,80,5000,927,7,9,2,9
251080,False,4,50,10,20,15,100,5000,10000,80,80,5000,927,7,9,2,9
251130,False,4,50,10,20,15,100,5000,10000,80,80,5000,927,7,9,2,9
251230,False,4,50,10,20,15,100,5000,10000,80,80,5000,927,7,9,2,9
251280,False,4,50,10,20,15,100,5000,10000,80,80,5000,927,7,9,2,9
251330,False,4,50,10,20,15,100,5000,10000,80,80,5000,927,7,9,2,9
251380,False,4,50,10,20,15,100,5000,10000,80,80,5000,927,7,9,2,9
251430,False,4,50,10,20,15,100,5000,10000,80,80,5000,926,7,9,2,9
251480,False,4,50,10,20,15,100,5000,10000,80,80,5000,926,7,9,2,9
251530,False,4,50,10,20,15,100,5000,10000,80,80,5000,926,7,9,2,9
251580,False,4,50,10,20,15,100,5000,10000,80,80,5000,926,7,9,2,8
251630,False,4,50,10,20,15,100,5000,10000,80,80,5000,926,7,9,2,8
251680,False,4,50,10,20,15,100,5000,10000,80,80,5000,926,7,9,2,8
251780,False,4,50,10,20,15,100,5000,10000,80,80,5000,926,7,9,2,8
251880,False,4,50,10,20,15,100,5000,10000,80,80,5000,926,7,9,2,8
251930,False,4,50,10,20,15,100,5000,10000,80,80,5000,926,7,9,2,8
252030,False,4,50,10,20,15,100,5000,10000,80,80,5000,926,7,8,2,8
252080,False,4,50,10,20,15,100,5000,10000,80,80,5000,926,7,8,2,8
252130,False,4,50,10,20,15,100,5000,10000,80,80,5000,926,7,8,2,8
252230,False,4,50,10,20,15,100,5000,10000,80,80,5000,926,7,8,2,8
252480,False,4,50,10,20,15,100,5000,10000,80,80,5000,925,7,8,2,8
252530,False,4,50,10,20,15,100,5000,10000,80,80,5000,925,7,8,2,8
252580,False,4,50,10,20,15,100,5000,10000,80,80,5000,925,7,8,2,8
252630,False,4,50,10,20,15,100,5000,10000,80,80,5000,925,7,8,2,8
252680,False,4,50,10,20,15,100,5000,10000,80,80,5000,925,7,8,2,8
252730,False,4,50,10,20,15,100,5000,10000,80,80,5000,925,7,8,2,8
252780,False,4,50,10,20,15,100,5000,10000,80,80,5000,925,7,8,2,8
253080,False,4,50,10,20,15,100,5000,10000,80,80,5000,956,8,8,2,8
253230,False,4,50,10,20,15,100,5000,10000,80,80,5000,955,8,8,2,8
253280,False,4,50,10,20,15,100,5000,10000,80,80,5000,955,8,8,2,8
253330,False,4,50,10,20,15,100,5000,10000,80,80,5000,955,8,8,2,8
253380,False,4,50,10,20,15,100,5000,10000,80,80,5000,955,8,8,2,8
253430,False,4,50,10,20,15,100,5000,10000,80,80,5000,955,8,8,2,8
253530,False,4,50,10,20,15,100,5000,10000,80,80,5000,955,8,8,2,8
253580,False,4,50,10,20,15,100,5000,10000,80,80,5000,955,8,8,2,8
253630,False,4,50,10,20,15,100,5000,10000,80,80,5000,955,8,8,2,8
253680,False,4,50,10,20,15,100,5000,10000,80,80,5000,955,8,8,2,8
253780,False,4,50,10,20,15,100,5000,10000,80,80,5000,955,8,8,2,8
253830,False,4,50,10,20,15,100,5000,10000,80,80,5000,954,8,8,2,8
253930,False,4,50,10,20,15,100,5000,10000,80,80,5000,954,8,8,2,8
253980,False,4,50,10,20,15,100,5000,10000,80,80,5000,954,8,8,2,8
254030,False,4,50,10,20,15,100,5000,10000,80,80,5000,954,8,8,2,8
254080,False,4,50,10,20,15,100,5000,10000,80,80,5000,953,8,8,2,8
254130,False,4,50,10,20,15,100,5000,10000,80,80,5000,953,8,8,2,8
254180,False,4,50,10,20,15,100,5000,10000,80,80,5000,953,8,8,2,8
254230,False,4,50,10,20,15,100,5000,10000,80,80,5000,953,8,8,2,8
254280,False,4,50,10,20,15,100,5000,10000,80,80,5000,953,8,8,2,8
254380,False,4,50,10,20,15,100,5000,10000,80,80,5000,953,8,8,2,8
254480,False,4,50,10,20,15,100,5000,10000,80,80,5000,953,8,8,2,8
254530,False,4,50,10,20,15,100,5000,10000,80,80,5000,953,8,8,2,8
254630,False,4,50,10,20,15,100,5000,10000,80,80,5000,953,8,8,2,8
254680,False,4,50,10,20,15,100,5000,10000,80,80,5000,953,8,8,2,8
254730,False,4,50,10,20,15,100,5000,10000,80,80,5000,952,8,8,2,8
254780,False,4,50,10,20,15,100,5000,10000,80,80,5000,952,8,8,2,8
254980,False,4,50,10,20,15,100,5000,10000,80,80,5000,951,8,8,2,8
255080,False,4,50,10,20,15,100,5000,10000,80,80,5000,951,8,8,2,8
255180,False,4,50,10,20,15,100,5000,10000,80,80,5000,951,8,8,2,8
255230,False,4,50,10,20,15,100,5000,10000,80,80,5000,951,8,8,2,8
255330,False,4,50,10,20,15,100,5000,10000,80,80,5000,951,8,8,2,8
255380,False,4,50,10,20,15,100,5000,10000,80,80,5000,951,8,8,2,8
255430,False,4,50,10,20,15,100,5000,10000,80,80,5000,951,8,8,2,8
255530,False,4,50,10,20,15,100,5000,10000,80,80,5000,951,8,8,2,8
255630,False,4,50,10,20,15,100,5000,10000,80,80,5000,950,8,8,2,8
255680,False,4,50,10,20,15,100,5000,10000,80,80,5000,950,8,8,2,8
255730,False,4,50,10,20,15,100,5000,10000,80,80,5000,950,8,8,2,8
255780,False,4,50,10,20,15,100,5000,10000,80,80,5000,950,8,8,2,8
255830,False,4,50,10,20,15,100,5000,10000,80,80,5000,949,8,8,3,8
255980,False,4,50,10,20,15,100,5000,10000,80,80,5000,949,8,8,4,8
256080,False,4,50,10,20,15,100,5000,10000,80,80,5000,949,8,8,4,8
256180,False,4,50,10,20,15,100,5000,10000,80,80,5000,949,8,8,4,8
256280,False,4,50,10,20,15,100,5000,10000,80,80,5000,949,8,8,4,8
256380,False,4,50,10,20,15,100,5000,10000,80,80,5000,949,8,8,4,8
256430,False,4,50,10,20,15,100,5000,10000,80,80,5000,949,8,8,4,8
256480,False,4,50,10,20,15,100,5000,10000,80,80,5000,949,8,8,4,8
256530,False,4,50,10,20,15,100,5000,10000,80,80,5000,948,8,7,4,8
256630,False,4,50,10,20,15,100,5000,10000,80,80,5000,948,8,7,4,8
256680,False,4,50,10,20,15,100,5000,10000,80,80,5000,948,8,7,4,8
256730,False,4,50,10,20,15,100,5000,10000,80,80,5000,947,8,7,4,8
258990,False,4,50,10,20,15,100,5000,10000,80,80,5000,959,8,7,4,8
260910,False,4,50,10,20,15,100,5000,10000,80,80,5000,960,8,7,5,9
261020,False,4,50,10,20,15,100,5000,10000,80,80,5000,966,8,7,5,9
262340,False,4,50,10,20,15,100,5000,10000,80,80,5000,975,8,7,5,9
263040,False,4,50,10,20,15,100,5000,10000,80,80,5000,975,8,7,5,9
264070,False,4,50,10,20,15,100,5000,10000,80,80,5000,975,9,7,5,9
264230,False,4,50,10,20,15,100,5000,10000,80,80,5000,975,9,7,5,9
264380,False,4,50,10,20,15,100,5000,10000,80,80,5000,975,9,7,5,9
264430,False,4,50,10,20,15,100,5000,10000,80,80,5000,975,9,7,5,9
264480,False,4,50,10,20,15,100,5000,10000,80,80,5000,975,9,7,5,9
264530,False,4,50,10,20,15,100,5000,10000,80,80,5000,975,9,7,5,9
264730,False,4,50,10,20,15,100,5000,10000,80,80,5000,975,9,7,5,9
264780,False,4,50,10,20,15,100,5000,10000,80,80,5000,975,9,7,5,9
265050,False,4,50,10,20,15,100,5000,10000,80,80,5000,981,9,7,5,9
267090,False,4,50,10,20,15,100,5000,10000,80,80,5000,985,9,8,4,9
269000,False,4,50,10,20,15,100,5000,10000,80,80,5000,988,9,8,4,9
270890,False,4,50,10,20,15,100,5000,10000,80,80,5000,996,9,10,3,9
272890,False,4,50,10,20,15,100,5000,10000,80,80,5000,993,10,10,3,9
272940,False,4,50,10,20,15,100,5000,10000,80,80,5000,994,10,10,3,9
274190,False,4,50,10,20,15,100,5000,10000,80,80,5000,998,10,9,3,9
276910,False,4,50,10,20,15,100,5000,10000,80,80,5000,996,10,10,3,8
277000,False,4,50,10,20,15,100,5000,10000,80,80,5000,999,10,10,3,8
280940,False,4,50,10,20,15,100,5000,10000,80,80,5000,1001,10,11,2,8
284910,False,4,50,10,20,15,100,5000,10000,80,80,5000,1009,9,10,2,8
284930,False,4,50,10,20,15,100,5000,10000,80,80,5000,1009,9,10,2,8
287290,False,4,50,10,20,15,100,5000,10000,80,80,5000,1010,9,11,2,8
289050,False,4,50,10,20,15,100,5000,10000,80,80,5000,1012,9,11,2,8
289080,False,4,50,10,20,15,100,5000,10000,80,80,5000,1014,9,11,2,8
289130,False,4,50,10,20,15,100,5000,10000,80,80,5000,1017,9,11,2,8
289280,False,4,50,10,20,15,100,5000,10000,80,80,5000,1017,9,11,2,8
289380,False,4,50,10,20,15,100,5000,10000,80,80,5000,1017,9,11,2,8
289430,False,4,50,10,20,15,100,5000,10000,80,80,5000,1017,9,11,2,8
289480,False,4,50,10,20,15,100,5000,10000,80,80,5000,1017,9,11,2,8
289580,False,4,50,10,20,15,100,5000,10000,80,80,5000,1015,9,11,2,8
289630,False,4,50,10,20,15,100,5000,10000,80,80,5000,1014,9,11,2,8
289680,False,4,50,10,20,15,100,5000,10000,80,80,5000,1014,9,11,2,8
289830,False,4,50,10,20,15,100,5000,10000,80,80,5000,1013,8,11,2,8
289930,False,4,50,10,20,15,100,5000,10000,80,80,5000,1013,8,11,2,8
290030,False,4,50,10,20,15,100,5000,10000,80,80,5000,1013,8,11,2,8
290080,False,4,50,10,20,15,100,5000,10000,80,80,5000,1013,8,11,2,8
290130,False,4,50,10,20,15,100,5000,10000,80,80,5000,1013,8,11,2,8
290230,False,4,50,10,20,15,100,5000,10000,80,80,5000,1013,8,11,2,8
290280,False,4,50,10,20,15,100,5000,10000,80,80,5000,1013,8,11,2,8
290330,False,4,50,10,20,15,100,5000,10000,80,80,5000,1012,8,11,2,8
290480,False,4,50,10,20,15,100,5000,10000,80,80,5000,1011,8,11,2,8
290530,False,4,50,10,20,15,100,5000,10000,80,80,5000,1011,8,11,2,8
290580,False,4,50,10,20,15,100,5000,10000,80,80,5000,1011,8,11,2,8
290630,False,4,50,10,20,15,100,5000,10000,80,80,5000,1011,8,11,2,8
290730,False,4,50,10,20,15,100,5000,10000,80,80,5000,1010,8,11,2,8
290780,False,4,50,10,20,15,100,5000,10000,80,80,5000,1010,8,11,2,8
291080,False,4,50,10,20,15,100,5000,10000,80,80,5000,1009,8,12,2,8
291130,False,4,50,10,20,15,100,5000,10000,80,80,5000,1009,8,12,2,8
291180,False,4,50,10,20,15,100,5000,10000,80,80,5000,1008,8,12,2,8
291230,False,4,50,10,20,15,100,5000,10000,80,80,5000,1008,8,12,2,8
291280,False,4,50,10,20,15,100,5000,10000,80,80,5000,1008,8,12,2,8
291430,False,4,50,10,20,15,100,5000,10000,80,80,5000,1007,8,12,2,8
291530,False,4,50,10,20,15,100,5000,10000,80,80,5000,1007,8,12,2,8
291630,False,4,50,10,20,15,100,5000,10000,80,80,5000,1005,8,12,2,8
291730,False,4,50,10,20,15,100,5000,10000,80,80,5000,1005,8,12,2,8
291830,False,4,50,10,20,15,100,5000,10000,80,80,5000,1004,8,12,2,8
291880,False,4,50,10,20,15,100,5000,10000,80,80,5000,1004,8,12,2,8
291930,False,4,50,10,20,15,100,5000,10000,80,80,5000,1003,8,12,2,8
292030,False,4,50,10,20,15,100,5000,10000,80,80,5000,1003,8,12,2,8
292080,False,4,50,10,20,15,100,5000,10000,80,80,5000,1002,8,12,2,8
292230,False,4,50,10,20,15,100,5000,10000,80,80,5000,1002,8,12,2,8
292280,False,4,50,10,20,15,100,5000,10000,80,80,5000,1002,8,12,2,8
292430,False,4,50,10,20,15,100,5000,10000,80,80,5000,1002,8,12,2,8
292480,False,4,50,10,20,15,100,5000,10000,80,80,5000,1002,8,12,2,8
292580,False,4,50,10,20,15,100,5000,10000,80,80,5000,1001,8,12,2,8
292680,False,4,50,10,20,15,100,5000,10000,80,80,5000,1000,8,12,2,8
292730,False,4,50,10,20,15,100,5000,10000,80,80,5000,1000,8,12,2,8
292780,False,4,50,10,20,15,100,5000,10000,80,80,5000,1000,8,12,2,8
292920,False,4,50,10,20,15,100,5000,10000,80,80,5000,1004,8,12,2,8
292960,False,4,50,10,20,15,100,5000,10000,80,80,5000,1003,8,12,2,8
293230,False,4,50,10,20,15,100,5000,10000,80,80,5000,1005,8,12,2,8
293330,False,4,50,10,20,15,100,5000,10000,80,80,5000,1005,8,12,2,8
293580,False,4,50,10,20,15,100,5000,10000,80,80,5000,1004,8,12,2,8
293730,False,4,50,10,20,15,100,5000,10000,80,80,5000,1003,8,12,2,8
293880,False,4,50,10,20,15,100,5000,10000,80,80,5000,1003,8,12,2,8
293980,False,4,50,10,20,15,100,5000,10000,80,80,5000,1002,8,12,2,8
294180,False,4,50,10,20,15,100,5000,10000,80,80,5000,1002,8,12,2,8
294280,False,4,50,10,20,15,100,5000,10000,80,80,5000,1002,8,12,2,8
294680,False,4,50,10,20,15,100,5000,10000,80,80,5000,999,8,11,2,8
294730,False,4,50,10,20,15,100,5000,10000,80,80,5000,999,8,11,2,8
294830,False,4,50,10,20,15,100,5000,10000,80,80,5000,998,8,11,2,8
294880,False,4,50,10,20,15,100,5000,10000,80,80,5000,998,8,11,2,8
294980,False,4,50,10,20,15,100,5000,10000,80,80,5000,998,8,11,2,8
295080,False,4,50,10,20,15,100,5000,10000,80,80,5000,998,8,11,2,9
295180,False,4,50,10,20,15,100,5000,10000,80,80,5000,998,8,11,2,9
295530,False,4,50,10,20,15,100,5000,10000,80,80,5000,995,8,11,2,9
295630,False,4,50,10,20,15,100,5000,10000,80,80,5000,994,8,11,2,9
295930,False,4,50,10,20,15,100,5000,10000,80,80,5000,994,8,11,2,9
295980,False,4,50,10,20,15,100,5000,10000,80,80,5000,994,8,11,2,9
296030,False,4,50,10,20,15,100,5000,10000,80,80,5000,994,8,11,2,9
296530,False,4,50,10,20,15,100,5000,10000,80,80,5000,990,8,11,2,9
296950,False,4,50,10,20,15,100,5000,10000,80,80,5000,991,8,11,2,9
